"","p_values_bf_null_both_correct","p_values_bf_null_bdoor_correct_f1_violated","p_values_bf_null_bdoor_correct_f3_violated","p_values_bf_null_fdoor_correct_b1_violated"
"1",0.696408929576384,0.909444622258365,0.428076840632434,0.0481340646496744
"2",0.677845066956624,0.90883162827842,0.18729288703055,0.427949697345442
"3",0.390311427301744,0.809025311329403,0.133384999284218,0.292622052531578
"4",0.197507902246402,0.652935036690097,0.0145967530862479,0.403647929835142
"5",0.569397888074682,0.794872512169643,0.829298373322684,0.0914805994322469
"6",0.992224197584803,0.638264745807302,0.154348174311052,0.785472459900799
"7",0.785604407175302,0.751086050983713,0.0347654614576896,0.124499544927077
"8",0.845335012533723,0.813180948731094,0.390922713005095,0.284940522463769
"9",0.986506936759526,0.798469198592624,0.860227871949765,0.617822878360242
"10",0.361972391852225,0.434352360455764,0.244447241709367,0.596843149308744
"11",0.898743251416834,0.618360553671095,0.477401222397405,0.579331005355122
"12",0.791896472647164,0.915486960048399,0.172250933610929,0.020052325280335
"13",0.450287096213886,0.755455293839028,0.861361172786148,0.118254834677199
"14",0.649866167991157,0.936486578752868,0.840936333413722,0.838675091924867
"15",0.903518084964729,0.659083894196167,0.237735474313502,0.63327718532005
"16",0.555142983209466,0.944217734122888,0.195498484398108,0.680836701430688
"17",0.602156218238651,0.973791401933764,0.228358013589375,0.309555813907916
"18",0.608477691460068,0.582753104397204,0.65581123729589,0.98349452061896
"19",0.988663269213243,0.185445428648578,0.788113993452468,0.570787603530458
"20",0.526095534182575,0.429943552505975,0.765115993526636,0.881241946170326
"21",0.514869755322584,0.493812401326893,0.459968334528334,0.872289591093557
"22",0.179470308486969,0.977783156595855,0.601511797074113,0.37465654848104
"23",0.677995757804931,0.830776828512512,0.419988237218729,0.761044430619575
"24",0.674771767813906,0.642672213629724,0.689800369034679,0.317278899004116
"25",0.955760998796978,0.877773222169924,0.165171184913441,0.215192409467525
"26",0.904162576082041,0.56130437311007,0.759730730737709,0.351076247745834
"27",0.443727201980282,0.165815803078595,0.44230240578141,0.286247053018512
"28",0.394901409805359,0.810547216658087,0.294245028373562,0.810680854021386
"29",0.487605834554922,0.599289509426831,0.874486124455965,0.0720070313004123
"30",0.991365901117001,0.986115051154395,0.317236740301938,0.121505940725464
"31",0.972056958365742,0.896712122464765,0.372040984605287,0.445925469371563
"32",0.769813110668732,0.708661330135499,0.117093332296035,0.449514111067642
"33",0.67776652900027,0.942773282959204,0.655478270732901,0.0637315330593854
"34",0.887710836853417,0.83271932360269,0.424068406688203,0.203642191604452
"35",0.897580732222668,0.67538692196394,0.572784015143641,0.484532399183549
"36",0.936916115616544,0.502435250863087,0.0907550654363336,0.7752967646561
"37",0.938058504260231,0.499524433685035,0.113035852399129,0.298194040028976
"38",0.602655120158503,0.889026309210884,0.427650020297092,0.0208792949954562
"39",0.103760757084777,0.905471515038185,0.458320336588504,0.714740959046644
"40",0.687779089470364,0.190104282998897,0.162340348758603,0.441774767301211
"41",0.794704532603982,0.919960283512348,0.992396004084449,0.968039322522999
"42",0.985129011103623,0.555671316816761,0.44680564576034,0.250351374273964
"43",0.968534826386954,0.862564759012799,0.614695628534908,0.325897981894159
"44",0.834418648512824,0.596851403860858,0.851717239395124,0.698248612752929
"45",0.952880537303375,0.894549272309975,0.326641498130689,0.459818959118563
"46",0.811518970526422,0.809864597244075,0.0442626030250718,0.0434231218504862
"47",0.457926131416314,0.776534172327253,0.0733222153000789,0.20878609393077
"48",0.664227488901961,0.920595141203445,0.814320375903742,0.775158914639383
"49",0.7777111511094,0.714300449753626,0.207342857534308,0.0257457058499075
"50",0.682722066352055,0.88643083912608,0.869325990628362,0.0719035688707468
"51",0.970020309345321,0.716862444699239,0.299939763028056,0.667842290395345
"52",0.539985883179216,0.844370376827465,0.510920824903107,0.261560133779967
"53",0.425339550764095,0.407232760078964,0.536250924110295,0.481605583019954
"54",0.434562966918871,0.797043584532091,0.28474563004598,0.418590435785091
"55",0.882982003666507,0.843398261762886,0.665372043662758,0.714708148917393
"56",0.687056063280224,0.541798073165962,0.607842372416786,0.174289199801232
"57",0.970590798245382,0.891819188423148,0.965858232145933,0.855861277019737
"58",0.932186118198206,0.976007831956289,0.456444385478152,0.895236943489157
"59",0.799892475066476,0.843460087759864,0.810273302970899,0.0887388952730648
"60",0.718371896426918,0.939831387843973,0.78625302540412,0.949122975246448
"61",0.833827638863443,0.834736822193355,0.387715032578127,0.852913137932942
"62",0.89212556280389,0.408534334520532,0.986654095755396,0.813590890471647
"63",0.801309797499905,0.939310169078839,0.931335343121549,0.613601484199558
"64",0.903148215431631,0.746857283766441,0.456204519372738,0.793269399938154
"65",0.695019376668915,0.910118944485018,0.413950315946354,0.755359441705521
"66",0.848220607802348,0.65903151460413,0.890166677188412,0.337526066446452
"67",0.93660975621397,0.742190111298102,0.796915894844676,0.139664557892348
"68",0.468884441928854,0.733535360406267,0.563076661419844,0.607730559880683
"69",0.423819962143123,0.590748203801833,0.5873104785113,0.962296813726887
"70",0.473985996376836,0.860887527087173,0.856536327274767,0.1273125911407
"71",0.749959452046377,0.963014653904342,0.550792616679923,0.23663152404434
"72",0.876218668847605,0.797666217236378,0.738069783568837,0.861191510126408
"73",0.118691386612714,0.98141933709535,0.120379204194428,0.655043449409706
"74",0.720151631102529,0.796496647930308,0.338504686831866,0.0521206512426986
"75",0.515396883187731,0.773234668795969,0.101318633685359,0.375158002055055
"76",0.822463275850933,0.600323167693356,0.278922071587761,0.77450739191082
"77",0.988921191028374,0.809267989152437,0.715837705128832,0.732364926032655
"78",0.8695828823307,0.934784771304502,0.224064566706429,0.6252270122774
"79",0.612077864902935,0.611080489759677,0.234276732184549,0.83473198894687
"80",0.744074030486995,0.300553991321893,0.997566506425649,0.184943336622755
"81",0.988553793950882,0.343530659683779,0.697193945175253,0.527756585137267
"82",0.696213720711816,0.859068172733972,0.915648401442059,0.479675763641627
"83",0.306014615668384,0.729522358603355,0.834827384272995,0.589969093588669
"84",0.931751478408694,0.40263038343133,0.0130389651037743,0.20114789171105
"85",0.803950988975405,0.236172849555396,0.57517370415958,0.748253961219021
"86",0.973944924881796,0.377143584852789,0.20953437052867,0.383422650707869
"87",0.649308764751384,0.647511784390481,0.0776218185573243,0.482015854209435
"88",0.953142641179724,0.607390796370209,0.305450683269308,0.3401579215207
"89",0.895476422411012,0.710345466618247,0.430409362113124,0.728284523338992
"90",0.999604827844506,0.805037915308079,0.286352461721181,0.198545633483152
"91",0.912603874059704,0.882706285055107,0.171376648290843,0.530349846251066
"92",0.802973384498671,0.275865106016611,0.901359001416791,0.793552443052161
"93",0.903052567792348,0.959047780399373,0.546846055695013,0.305798744281285
"94",0.849680953104515,0.681400415851917,0.52145141936801,0.391503107122955
"95",0.913725977836935,0.787984537587663,0.708689152959153,0.175279100249863
"96",0.638636539534237,0.751446517958807,0.145715230572811,0.953409111970906
"97",0.918275638062603,0.224991619803971,0.530728645063737,0.800274299188255
"98",0.986414837434593,0.964914221348479,0.538509399854054,0.775485933407575
"99",0.515063412128254,0.9781292814683,0.0266416523108395,0.561944492590952
"100",0.317625322151539,0.783272864919,0.2276223347026,0.107151074367271
"101",0.539596600889289,0.888120531127224,0.0247033706386417,0.285559944683992
"102",0.676003411918018,0.562467013659549,0.27322064951527,0.0331875165891421
"103",0.745082183672502,0.544870491322656,0.207635657019832,0.760884638915167
"104",0.64241200593336,0.349197269528453,0.98807486799214,0.867840997051293
"105",0.728030733115049,0.726987450239574,0.536753846168412,0.888177134221335
"106",0.865928439042229,0.624946557442439,0.908333329379777,0.512076958591048
"107",0.596256388037761,0.791654340952526,0.714704381118631,0.535762380491708
"108",0.8451865838525,0.877823498374881,0.341669777316956,0.0121400384952175
"109",0.682851468719156,0.832175262326661,0.650915207188576,0.888354540455161
"110",0.857079205355169,0.986781510568223,0.742265911581768,0.565673862096106
"111",0.614085180418988,0.610682420262271,0.614870963744609,0.18414240885485
"112",0.456436439721109,0.88433328167914,0.633150533058617,0.832588745805345
"113",0.785834929635493,0.931188677220876,0.172782518233437,0.683542815905705
"114",0.683993576725558,0.42724709914211,0.66440463418996,0.172315283897965
"115",0.641847468461227,0.978635733752201,0.383888273767382,0.113111076168886
"116",0.211987303904887,0.894006176757463,0.658297027276215,0.368116502615825
"117",0.772424641471606,0.865965850396641,0.531409380872678,0.774042820886501
"118",0.877087627829115,0.678280619332533,0.585918443487854,0.118992105639616
"119",0.357638569739137,0.669858115479638,0.701959468821138,0.625431822735559
"120",0.816985348060222,0.987400433924798,0.885592202350396,0.0772906261534295
"121",0.534350172750669,0.234487283185097,0.145779388129968,0.265861309960985
"122",0.937948068821598,0.53223296295696,0.0731960328284096,0.707948860468745
"123",0.455476511034254,0.971278589688202,0.0409608130931087,0.734359939527541
"124",0.698151300250436,0.727092807448662,0.664817476077585,0.12614556764722
"125",0.85493255523548,0.989699158443268,0.934071799499026,0.0537118920132639
"126",0.725357371790838,0.354955626074148,0.114841554717247,0.629269050359651
"127",0.832125965727332,0.482096028337975,0.437196304861882,0.970639248069199
"128",0.675210236865564,0.620379874438432,0.0565118976131202,0.382619910703974
"129",0.525290460374457,0.926342512631817,0.41967922064132,0.0838338186810376
"130",0.731970488126721,0.792329169609523,0.321084194667087,0.0666101016877848
"131",0.566951284868826,0.745124675608798,0.942678848807972,0.538306028021936
"132",0.892719117999726,0.870214352006993,0.0245174495223739,0.0404002339689193
"133",0.9922371673528,0.827290970763768,0.37851303199452,0.1484048740855
"134",0.685410786220426,0.875729555511977,0.260468408810196,0.891699147535492
"135",0.638628447553194,0.884147248162568,0.70620743532225,0.0398407042713332
"136",0.638416249765753,0.444825886927754,0.163235871629689,0.432810437054281
"137",0.336581051216649,0.984053929741401,0.821988736159761,0.10489352539975
"138",0.88437720589646,0.31518153705383,0.485057460945511,0.792921365571974
"139",0.67662965419852,0.817728437144164,0.704741442404312,0.0904285711414445
"140",0.472229630530818,0.906337929348304,0.0389471962795697,0.608354991204819
"141",0.102553217531729,0.672589843143044,0.179480761192004,0.0960094370959037
"142",0.60783323275284,0.918595892622631,0.315548180266552,0.0345120985071864
"143",0.799124776488914,0.738678185552188,0.480122056522179,0.976351608129035
"144",0.831018093637635,0.643633951320599,0.778514243954155,0.75831457184078
"145",0.331509668068204,0.888137255844713,0.78825544302247,0.411801760131706
"146",0.664460433101109,0.90436914553938,0.303381417988493,0.682949911880298
"147",0.649291421001205,0.491944312667473,0.198541431530684,0.866937125937995
"148",0.45459237753901,0.692287493952435,0.112335759668296,0.563953025034901
"149",0.861437823490204,0.695860740465493,0.261934557869291,0.766235652049141
"150",0.601111500303621,0.936307302972522,0.124598678480163,0.029952199806276
"151",0.837867584456353,0.630914120253075,0.982511527981939,0.945125205478106
"152",0.78021882352635,0.277039465860647,0.477178075109561,0.761109613123215
"153",0.334779726973355,0.933461707603659,0.312726227045388,0.55236693853384
"154",0.408066656851369,0.81186537096877,0.506678712562702,0.870252310796624
"155",0.593875039871991,0.967822053437376,0.759061196774359,0.204894953441052
"156",0.913289001745861,0.564235332796772,0.0734161043875642,0.0109287467008591
"157",0.784255280465971,0.742481557283478,0.849440131938174,0.631348577092271
"158",0.980976972978419,0.605716506312506,0.361837205946258,0.892846394617672
"159",0.441251216667381,0.340259364244175,0.756131734361763,0.0516930132124596
"160",0.499893748378379,0.923283685783535,0.940094633616754,0.262209488550459
"161",0.795954101933765,0.569081773270155,0.986760896917078,0.365270715329752
"162",0.503826943229617,0.802229873818511,0.411724036739985,0.303582866068141
"163",0.801267446830878,0.673115606089609,0.938716535587743,0.296228458852463
"164",0.84581060906455,0.815690028601045,0.174714851845357,0.708609051221274
"165",0.79490019482303,0.830908702777158,0.706969280671413,0.901323464879444
"166",0.6864399051073,0.518629278187222,0.408607721884202,0.576175467518779
"167",0.834829761311229,0.413316738905293,0.558181603405316,0.0875131186584165
"168",0.834745490854652,0.991593366320882,0.387771649771504,0.240692839633891
"169",0.880507237277558,0.997447623045763,0.103751463222049,0.39324356562223
"170",0.622441409514373,0.566530311034534,0.650237692107742,0.0681074684446781
"171",0.707215913162894,0.828316569691302,0.130623235965525,0.024410744663031
"172",0.60397080810222,0.983108950607811,0.825769443958805,0.237150061596834
"173",0.594466321628953,0.931198032058595,0.313728644096897,0.116623862913443
"174",0.579544074064317,0.960716412897961,0.00367720176256033,0.4559656735883
"175",0.903992567614367,0.99943849975615,0.928568041461888,0.33725987033735
"176",0.844418901575108,0.752659691276736,0.476514741771955,0.227744141209547
"177",0.739033282373284,0.715540117249727,0.708119449191774,0.97189834966029
"178",0.8762330305867,0.463394793023509,0.0217450205305642,0.395196891010744
"179",0.592167481013876,0.771198274176879,0.20986692957165,0.281581413135679
"180",0.70865522792561,0.451711517439154,0.962809272180201,0.0209756673858016
"181",0.787152291611701,0.841880397957822,0.232120846201415,0.0125002117263815
"182",0.88881847865097,0.340939854921989,0.139822536402293,0.890064012589794
"183",0.981121467958933,0.296544839842991,0.411810831784452,0.717949977049079
"184",0.477508464671095,0.575254378840919,0.403547969599767,0.303554310379198
"185",0.683291296241126,0.964845691627339,0.735222781023291,0.557617791902419
"186",0.537362053465106,0.156175482907436,0.93957750778618,0.150653852925426
"187",0.616772061345439,0.844135484203349,0.299781012055366,0.104294244356373
"188",0.901197266052067,0.427596327669734,0.370008587613227,0.314212269632436
"189",0.924770656964332,0.693163412680323,0.279956202033361,0.291627132876176
"190",0.733313564668098,0.350451585733881,0.286771739684937,0.0462379821430062
"191",0.947920729050695,0.770583440242546,0.857757521650384,0.623038467626977
"192",0.625283831992946,0.770292457251859,0.455798835580154,0.683959830492435
"193",0.999099126945047,0.698726588174841,0.596853893946353,0.729545092341575
"194",0.489511501964381,0.974006502252592,0.242872644544251,0.415965438649541
"195",0.620295153622507,0.920372995444318,0.191973042240987,0.447921707425891
"196",0.629830019646877,0.901733446021261,0.613204102705658,0.0347829447265595
"197",0.594050971989754,0.722527006880012,0.370370690081034,0.235688968743739
"198",0.9289549073142,0.951193115511432,0.725806341993184,0.456709248409013
"199",0.68717069771685,0.743737265975933,0.324185876120159,0.599918820982611
"200",0.580530822696766,0.296074734369317,0.178941056093278,0.68252037443655
"201",0.778981697735285,0.560626736369436,0.819698277368184,0.804031084288792
"202",0.660454345135157,0.95390021225254,0.189744970250874,0.100433445068247
"203",0.226587274291129,0.987401720253122,0.66890060291016,0.132064994428055
"204",0.396291965897807,0.543555607775466,0.986506578304461,0.313624890435604
"205",0.648602063511307,0.507775998254402,0.245383676145113,0.621791437087371
"206",0.618521158866115,0.257225761393263,0.573538995324645,0.165942158787809
"207",0.574203522967451,0.990805869356175,0.92157124711128,0.936574632290608
"208",0.969729795634284,0.315328460632983,0.321096093278529,0.400865858442431
"209",0.456134956566997,0.573206662158746,0.33564620501274,0.57410523046153
"210",0.111846198724829,0.72995111112041,0.768668093418817,0.321700088300936
"211",0.727152753705928,0.877366006028656,0.0472377452892266,0.920037927922303
"212",0.514834022771527,0.813450550403527,0.788168474466033,0.0750364287058564
"213",0.674514709296773,0.28254127291436,0.319340457980298,0.792867997545411
"214",0.36300930821084,0.899188655276664,0.225600121247883,0.293094181428846
"215",0.585112799910592,0.893225357478093,0.863722789948794,0.479947265252898
"216",0.736697447410348,0.685771475203903,0.66849714133886,0.40980414477155
"217",0.912721750919956,0.273617892244082,0.637384839013523,0.0272009209130621
"218",0.849118612972035,0.921755006455735,0.096294686572923,0.715790766606817
"219",0.920594203514227,0.384748290115956,0.605241539547538,0.560162882504174
"220",0.86251641506282,0.997883406221086,0.286848162944222,0.448444508734157
"221",0.653842302415566,0.161964333995715,0.565253110178411,0.225381203861782
"222",0.682767056143337,0.561136032462125,0.260579887511023,0.783993368767369
"223",0.910548145079858,0.609106377430167,0.120622355121522,0.846974839064972
"224",0.809133938729428,0.420942221422808,0.861896130128167,0.66543110579671
"225",0.388908881539239,0.601101368167841,0.823404811619783,0.69400068958242
"226",0.544681774657575,0.720506966769506,0.138135706620061,0.28664485591104
"227",0.955250965486718,0.810665567454167,0.34718836537328,0.967378784891455
"228",0.868993166764584,0.386054207737487,0.813830379557863,0.959390271464217
"229",0.83124391891379,0.373474409996031,0.968031014558953,0.532061445854935
"230",0.434264274025898,0.382689729578824,0.3361046862286,0.130495823089887
"231",0.584164553791639,0.514141177433146,0.429821023582245,0.0319382998194155
"232",0.529049791257017,0.927338822781665,0.648633037713045,0.653522599209528
"233",0.871529912055909,0.855373568947877,0.0174557030676027,0.988549706650115
"234",0.554488334520397,0.343476495492351,0.254714071813179,0.346359728987833
"235",0.877120489332918,0.591665325834341,0.651832731425296,0.0811988890941084
"236",0.798856376098481,0.70945316219243,0.80343880352703,0.253027715496506
"237",0.168143634796123,0.82002295453546,0.425573601545792,0.0762296773079681
"238",0.7012152322566,0.686238186867245,0.103323459327396,0.249512562543699
"239",0.827570825181528,0.780628806334038,0.214176218096372,0.316600619492429
"240",0.951003868999682,0.941035512253606,0.0730253117951015,0.60369565654971
"241",0.652062461726242,0.95932859914251,0.166879712629496,0.521430437015857
"242",0.788801718445508,0.0881084709975696,0.545262969276146,0.441232635974952
"243",0.93977448202116,0.614654639417768,0.853689494991698,0.670834923762903
"244",0.298277722919493,0.441732349853962,0.0558820862075222,0.0843620474789449
"245",0.204926750228725,0.892601946438784,0.713768985521295,0.656527640847848
"246",0.211330438325846,0.925987585004776,0.626305210500881,0.872273625579
"247",0.693124634847955,0.601442721740633,0.83169738063274,0.0128218719160996
"248",0.523720685374855,0.865319420030797,0.579362551489786,0.700793648983483
"249",0.405410978917439,0.866066047047475,0.796056601366943,0.795626104650979
"250",0.261912649152595,0.646689604682041,0.949797430989242,0.503798523345772
"251",0.237815286108797,0.978720861717595,0.326800811922587,0.777838348247979
"252",0.269763974770785,0.940790504954546,0.0594693682319046,0.126006285820178
"253",0.459311413127561,0.8691217433129,0.548894804027805,0.391140553301538
"254",0.800301495430715,0.551119216334325,0.198934233112571,0.127157013844201
"255",0.930036921479234,0.857385324469882,0.159920568890369,0.832385222115098
"256",0.963007666481668,0.892293262173031,0.794286939184501,0.353942268527343
"257",0.632388563809929,0.356513045576046,0.225441216498703,0.207288802930631
"258",0.414149596613989,0.716332259336327,0.374305059635596,0.476162984378428
"259",0.769327493921674,0.480609814225443,0.0584260653622848,0.155063007265853
"260",0.157273580707116,0.895791613398148,0.21811193327199,0.728800517823841
"261",0.860564060057989,0.662119417029714,0.0233426333862077,0.183813078657135
"262",0.525342127289726,0.788013007279791,0.163559619170242,0.674256136308406
"263",0.803550348515557,0.846909848891807,0.525079153390599,0.555205455558058
"264",0.43493888085696,0.487472881698846,0.936718202132307,0.609421348996912
"265",0.892851818281452,0.384245352583329,0.520573290939083,0.845452995320031
"266",0.659505669500491,0.840475204641635,0.862917133933152,0.259493867485765
"267",0.535344102589759,0.713402381782913,0.773999308365244,0.262708070239638
"268",0.520889377556178,0.598242611890382,0.266232986578855,0.44368515688199
"269",0.43769944473717,0.900729742143178,0.234888009170511,0.507563517017594
"270",0.134218640204018,0.989610412531592,0.240904482367044,0.111424810325589
"271",0.6447403376558,0.755268658272491,0.640991322358253,0.247761297908022
"272",0.383730932855389,0.302180132132266,0.551414155971269,0.0763376450339103
"273",0.625617146451353,0.934454106078706,0.0447135865660283,0.651663700743026
"274",0.66398959924389,0.721563459126982,0.644774481942302,0.250040746700594
"275",0.81575416297926,0.365142875222804,0.978586103651275,0.295728395060307
"276",0.609116637233357,0.444805299117494,0.606704482120286,0.446327831667478
"277",0.801681168149019,0.773258755028853,0.847044368659425,0.474670882953577
"278",0.467254327900691,0.763392535682752,0.256810677901292,0.60282588159483
"279",0.896844480739937,0.938532606246889,0.58063718711772,0.710271044274
"280",0.791180596375315,0.51340907158088,0.756302354274368,0.0209428366760346
"281",0.541862774669098,0.315087339983018,0.763187107386903,0.835675977045585
"282",0.556663831276602,0.650069959177245,0.494785603393486,0.0570025223287307
"283",0.555879925323998,0.656177800210392,0.0795228330464487,0.726437246111311
"284",0.391755055499086,0.339059684553453,0.197702455389822,0.663379451130259
"285",0.752450398733257,0.559485547032614,0.716214126015493,0.272502278458527
"286",0.948159713994821,0.854037804816303,0.706165393709582,0.48578240645466
"287",0.755016549173106,0.595240214952742,0.454321620336842,0.271575092952649
"288",0.4875129569072,0.957582867994075,0.253695315050661,0.198840306226592
"289",0.933643694844227,0.652599917545301,0.951683886879233,0.901950148367777
"290",0.61238232664207,0.670553014466629,0.346042220773173,0.206547189115616
"291",0.672634176636244,0.612825477506212,0.0339500105898217,0.163953689887727
"292",0.777445549710593,0.80361193121316,0.230397378817878,0.24521112209135
"293",0.625992825584867,0.463344312590231,0.0158888957253037,0.425581239084592
"294",0.994735168701767,0.742749349439642,0.835822901679901,0.19406416451235
"295",0.246363367116971,0.584228254729508,0.53502432153771,0.781832101316913
"296",0.825416158839375,0.943425583242571,0.828935285791531,0.284870412219648
"297",0.135727716344612,0.865562591467636,0.17303240130264,0.708569025861073
"298",0.102832071520215,0.560593910675248,0.320528765118838,0.614524639639852
"299",0.141083240964064,0.802569432475923,0.225765663690881,0.805521611461016
"300",0.859538431800645,0.778588162012346,0.117701437907268,0.344803967255112
"301",0.432808313737583,0.884990170404161,0.389573722213362,0.0422110636952752
"302",0.929301727149703,0.989213805149017,0.60772893261534,0.577564360231849
"303",0.901133803419457,0.396596145970892,0.0354247653863607,0.818812504198782
"304",0.999191069899435,0.472181836313879,0.705104877780719,0.10642993718885
"305",0.753662976122889,0.351658416805859,0.376265076829101,0.826207194706783
"306",0.97847514695174,0.622839842165428,0.657330131838435,0.380980845703198
"307",0.653694296174926,0.287383724177642,0.183720093875064,0.680353538961402
"308",0.819333466415082,0.339451460104469,0.0801650289764185,0.712655382111897
"309",0.296203138398942,0.984491429981667,0.500029956770844,0.103664338161193
"310",0.950840859077836,0.599758086283184,0.868104825909796,0.0209373788178095
"311",0.824802549116494,0.922676614919916,0.492824858384022,0.85975299106203
"312",0.97689631533655,0.806256165771298,0.91529892281852,0.628279453490169
"313",0.82702164561477,0.927684641166174,0.708381521550127,0.721324380116224
"314",0.776993210119755,0.587476432127452,0.588991840249476,0.934733439121151
"315",0.989830560525643,0.26331372480522,0.41774199402963,0.94701361870828
"316",0.78337898483349,0.555738583373953,0.0504520438442002,0.853498977194708
"317",0.545401152071587,0.946566454354728,0.239412447080865,0.648529276213606
"318",0.499469005779389,0.722377480110547,0.737233952696156,0.885655069744532
"319",0.991202764110612,0.746319243441937,0.586256329357266,0.884481770368206
"320",0.933311135261794,0.841232204298201,0.779861108063506,0.515646096924756
"321",0.542825481171943,0.615674951292118,0.500307925278886,0.241249376556637
"322",0.655175552827732,0.884627477701283,0.254910786583034,0.0645450858048351
"323",0.921386595611611,0.973177585466812,0.811327712710651,0.36802387211548
"324",0.882912708335092,0.750580119683918,0.387287948625006,0.899602145562346
"325",0.504808189398314,0.782448108508153,0.794177298312176,0.189211061223291
"326",0.527516180289303,0.676771223206015,0.941136256122589,0.185429499159145
"327",0.967128847929404,0.914993695474302,0.599139600038688,0.236560837873256
"328",0.562283450523735,0.73672756046391,0.845265297279256,0.549514998323023
"329",0.954320699394077,0.341727113907085,0.265216222022115,0.875754670697112
"330",0.544306647100344,0.928366728303742,0.156597387782343,0.979009965934853
"331",0.93406841147457,0.963543364177388,0.571222446544288,0.329552037119794
"332",0.907293713680272,0.917742967933525,0.175041256027018,0.106746737207054
"333",0.91689738131212,0.294688071802231,0.460543023458283,0.287162994617298
"334",0.960087524751146,0.410932520546017,0.576546526355578,0.181197129208791
"335",0.984844524283722,0.548844909609407,0.865383656267029,0.437885724592862
"336",0.813656932939761,0.804184409655179,0.725368696898113,0.170955119299773
"337",0.525250083316713,0.817883003035002,0.416051465249312,0.515395359309689
"338",0.987576846172261,0.643655823761693,0.279080889318281,0.129304193621208
"339",0.919580641009503,0.998393045565203,0.253673495627213,0.836620365230624
"340",0.666982052399189,0.85566716891977,0.652148881045388,0.423741949924214
"341",0.67202304880855,0.351642144339369,0.348294871771488,0.0522467237305129
"342",0.566934849324186,0.586671381461989,0.594108549316776,0.416115081482301
"343",0.22124192669096,0.801525144646953,0.315106409335402,0.266454991119294
"344",0.55148882349579,0.341775606936054,0.686203334896521,0.166259782695549
"345",0.745641978040165,0.427854831900451,0.687884303315077,0.277176868289059
"346",0.587907778340929,0.802740700348178,0.512097750024036,0.988217231100716
"347",0.843545674437673,0.97783185762592,0.185100605898619,0.358433265229395
"348",0.598998269233707,0.706072892669757,0.534924594762115,0.66980764146856
"349",0.844728097383533,0.832525777821025,0.115422789051167,0.283306608411127
"350",0.553880481147335,0.646707770895689,0.962079947185369,0.934683189361592
"351",0.514368876637419,0.692583217572264,0.620062814431562,0.594712758429873
"352",0.827553726767386,0.638950437324632,0.221093964871548,0.981391066587333
"353",0.920973161876661,0.411157673118435,0.0816008324155028,0.328859551480718
"354",0.614309268942668,0.991571158036117,0.665582223649554,0.686249699367427
"355",0.906807451145165,0.667532098426938,0.177663447459862,0.00544365266655531
"356",0.961953561137763,0.682791887346075,0.474468834812403,0.985757073616481
"357",0.930073914809586,0.865021861672675,0.680089497735034,0.866156746714627
"358",0.74602861973673,0.701352766074609,0.321380071499248,0.206668366905286
"359",0.905068523995057,0.57084892104477,0.577406818546741,0.443898703156041
"360",0.823879843070974,0.378153459023586,0.781361725259305,0.363147723966356
"361",0.792016526213341,0.536436924162528,0.559764871836484,0.755439455045982
"362",0.888541675718814,0.950572261137322,0.87808094449493,0.807692627390916
"363",0.561593818271311,0.927205242115035,0.513985665343542,0.722173938776999
"364",0.79630688474703,0.96869607595536,0.638215934787143,0.211006656581363
"365",0.843041093681239,0.886051501989982,0.344459079422668,0.990647424699837
"366",0.862360823303427,0.486143971621199,0.373731376665429,0.0674384134529561
"367",0.822363515078737,0.464907717009867,0.438114929383457,0.919965653521616
"368",0.778615012578427,0.779666041215784,0.255691210234333,0.750715213533298
"369",0.757186633121735,0.512048658541911,0.562425289084433,0.16750302203092
"370",0.790162808612324,0.727216500933843,0.334140982454805,0.486458181116185
"371",0.722455011574145,0.796401919331547,0.784281845383513,0.453303649458704
"372",0.989511658798342,0.665362392648958,0.91738674026784,0.14408330445111
"373",0.449095722063563,0.489115741029919,0.515961404788843,0.00492297701220988
"374",0.648183405942931,0.996412154787517,0.38239242279855,0.0663313259028521
"375",0.495726767761976,0.938955064864644,0.348363552649232,0.929153397767583
"376",0.853356013316577,0.751506578553757,0.272188716837493,0.86397451067792
"377",0.912164606381306,0.848283276745253,0.516167032655132,0.0986392426061874
"378",0.363089684963745,0.947617312893435,0.903690219250989,0.518775911172074
"379",0.887511470981829,0.761856163658422,0.841065419460686,0.567851647699277
"380",0.808912509455229,0.805750800714472,0.190080995466537,0.941379985916143
"381",0.952331176610871,0.759835947591206,0.399501368536821,0.139881543080797
"382",0.968155820749318,0.661686102737202,0.546088292801357,0.416638653577038
"383",0.953759302963544,0.623632187713761,0.644866542785742,0.523627354885846
"384",0.844365918279236,0.477666747802886,0.917899989022112,0.479702516701506
"385",0.712016015743638,0.653512208222446,0.115215119225154,0.486043919221504
"386",0.567044517499429,0.77748700533406,0.26782214978069,0.67570932547723
"387",0.627934043223689,0.76911026409866,0.854617951020103,0.32808384388123
"388",0.717191706322893,0.875919855518866,0.084226950814067,0.0254566848493835
"389",0.336928896403236,0.657961616524411,0.130669333725192,0.30139523150073
"390",0.87176532420261,0.885864077359035,0.499519436591698,0.942412138678966
"391",0.963410117058419,0.805314592026262,0.912721999144402,0.467097986546077
"392",0.480247387853617,0.706385352275164,0.27214993909382,0.00689759192524164
"393",0.876223109638802,0.957557459019045,0.222223419446743,0.970549035591969
"394",0.983039392955021,0.810734952367498,0.962067095010713,0.991236368771361
"395",0.27774367396829,0.75393629052994,0.960939973651273,0.315916563768416
"396",0.701888903544593,0.723806371140359,0.169421382734403,0.946781235948144
"397",0.827571187188687,0.823377248503627,0.730222646892926,0.578020348535307
"398",0.778650677061696,0.829106363639457,0.504258395802185,0.262266213874556
"399",0.81509777928413,0.631227476997495,0.185301284347732,0.286832836334806
"400",0.774697276283215,0.618618666523418,0.0551967769231903,0.966347643342062
"401",0.886007459141691,0.925536283036159,0.845171636966888,0.0123417237117432
"402",0.902912021389954,0.761114437610968,0.219217445700075,0.254241479191673
"403",0.832574030727699,0.516967829474343,0.641889157153025,0.531945526767999
"404",0.947569782543009,0.836507209060337,0.927042362409481,0.634161249465805
"405",0.629666634518928,0.751187922603416,0.938393265459862,0.0333709103630085
"406",0.513704637329535,0.935733034666573,0.159282319459816,0.0962513654898565
"407",0.538889688258783,0.240682693903592,0.148796786225044,0.470707537971525
"408",0.422490137272885,0.905887805811378,0.23435761795548,0.797582753055193
"409",0.449546428360199,0.979349111523184,0.502676356693675,0.677724259673124
"410",0.697435005690274,0.461947950464541,0.370203453340863,0.136207644536032
"411",0.665883871956541,0.792868289842988,0.0900807517741839,0.658620284939536
"412",0.57992810277039,0.956697073968009,0.811604626102818,0.0955755681466797
"413",0.354005263574619,0.537568103696241,0.277233233668013,0.610001795445276
"414",0.972411775072216,0.973102674874168,0.602148805465027,0.0637124392816524
"415",0.940517059895376,0.944594763411181,0.036183648585064,0.0522104903496312
"416",0.979012000311417,0.959732869974768,0.863763070090001,0.397829491541947
"417",0.436328600398577,0.83159200044608,0.0585081784677973,0.44567423255247
"418",0.625915920834512,0.697448827262962,0.433150301890551,0.518625581671968
"419",0.777223604475647,0.805462959868954,0.165806487073278,0.570472413069186
"420",0.697095417883484,0.387425767041167,0.121590961163958,0.303388507823341
"421",0.640391552545833,0.32205506273112,0.315551988375208,0.462455313860086
"422",0.64897345920651,0.69862358048491,0.851710551077987,0.589239261611645
"423",0.340913672141407,0.835089953354778,0.09716261670004,0.611781823483659
"424",0.785081900029379,0.552563182871368,0.5837806488147,0.91187553207213
"425",0.345895469002058,0.869548433134934,0.679268207407472,0.782628035348056
"426",0.636760757927912,0.740716705168096,0.639508388433925,0.950064928645108
"427",0.716739219457532,0.875844007657152,0.967977796733874,0.206407302042124
"428",0.266968428752191,0.92876866855511,0.789149776057514,0.559958030722779
"429",0.948634185569753,0.771128033603786,0.101682504219728,0.217559180570105
"430",0.498541710698114,0.587327115581465,0.0411772584021331,0.942447695012722
"431",0.409119511043594,0.760394575111109,0.643342729824211,0.173952672201469
"432",0.656601595556833,0.876057520704254,0.814704135200223,0.127107825782116
"433",0.371624369904956,0.279332650276378,0.79642654362177,0.153327564995802
"434",0.998173095962888,0.614789556651954,0.688253940092947,0.498259817626919
"435",0.191348249797105,0.848445693793242,0.238245317060019,0.374679051614479
"436",0.91826644527389,0.90843495734664,0.226755495978861,0.000996119483624981
"437",0.752966332428471,0.561551607091085,0.942234584513629,0.064709102954087
"438",0.847016354070428,0.597182943750829,0.959395759674454,0.347925315556336
"439",0.531742439882209,0.838578288815468,0.510379835343998,0.696749021432674
"440",0.815035237940305,0.51114623970677,0.174364480542889,0.947365487525485
"441",0.879366086101021,0.810148243453633,0.598368001434585,0.232816628145761
"442",0.933137754232761,0.697754198290889,0.848994610075703,0.49216225339616
"443",0.740705444434732,0.925704842809445,0.903665279193653,0.397706601531841
"444",0.881403723295625,0.863794123084024,0.177461288615913,0.236488047632861
"445",0.907217686495946,0.716569383698513,0.457243252321107,0.0664723886213217
"446",0.835920337425607,0.471473136788264,0.553301024976008,0.750168313107972
"447",0.863807427080857,0.677816658667021,0.908907074930706,0.491181666134946
"448",0.775792715595258,0.666073592487139,0.140412487675704,0.0770946995678719
"449",0.676451716352795,0.860470024730305,0.711087390049399,0.705736510454236
"450",0.677083172235631,0.320437806515797,0.307479219419095,0.22321673993682
"451",0.715377365353303,0.698558278418488,0.814459158624053,0.384506014571989
"452",0.697634841840071,0.876531911038539,0.785276261758886,0.357833832991842
"453",0.59876176843239,0.435467759491805,0.836334359702109,0.010542842266926
"454",0.431920097787595,0.811915039156873,0.678383003362182,0.961185170552577
"455",0.851577761369143,0.598561708358897,0.634841113410116,0.0351306108988497
"456",0.767881310856959,0.776564597325186,0.10341938774793,0.810518320510436
"457",0.946614620599281,0.667821344691214,0.722955217718977,0.968518477740079
"458",0.893552435786175,0.579627963181137,0.958027858708247,0.637363031469961
"459",0.415940281311264,0.866717248444576,0.0335581838619125,0.032248568140822
"460",0.397023348361645,0.763434950532812,0.523650353331268,0.164853439017684
"461",0.670050631875452,0.570141094358105,0.831311275631927,0.628777656893802
"462",0.669916481268407,0.999316698300691,0.450654848556281,0.389171924916744
"463",0.533978515872359,0.726944229189138,0.104090070117034,0.304469290862512
"464",0.420282750729626,0.32217333557132,0.949908014314726,0.333216315358995
"465",0.928857597744171,0.684930571405133,0.0145568225159375,0.84594856628754
"466",0.967990051050395,0.66696296236606,0.432284450057218,0.235142066825172
"467",0.949450558560831,0.743194482584036,0.659952751812885,0.419209789943357
"468",0.962814897316594,0.615365007770058,0.124737302820644,0.398398827321289
"469",0.826544935956371,0.453330942396879,0.484272888393459,0.593431840706954
"470",0.882438716748722,0.798021568223091,0.874587066576829,0.722862577486265
"471",0.90670516497147,0.834971905543825,0.711701994862679,0.382404058013585
"472",0.649315833389909,0.249539568928669,0.527180198942148,0.421762575122001
"473",0.671417500468304,0.439160355512441,0.889037233531405,0.37448340230085
"474",0.498322254025448,0.932352521699129,0.329597164990191,0.648839640137008
"475",0.980410520225824,0.946776348108992,0.945270159718302,0.854240722965131
"476",0.198961913566892,0.65396295611094,0.0478718253399265,0.633545093988747
"477",0.688207379181176,0.293407538183481,0.847346174212804,0.807422233966812
"478",0.472919500305683,0.863881223239508,0.975497410584484,0.297836422712937
"479",0.915030460224284,0.492426029058649,0.0600365175014998,0.764945620017144
"480",0.962361131764327,0.99657174512146,0.490800833644017,0.0659929109290551
"481",0.704577066154603,0.953969344628834,0.701977519730908,0.0757316199561816
"482",0.913360150069888,0.952787985297366,0.17852141972659,0.490617951239726
"483",0.739616088859627,0.808309725121486,0.185831999588888,0.675821826261844
"484",0.703056553068197,0.793995884904722,0.984794741146355,0.488629073105703
"485",0.855691617244906,0.520481265755321,0.311952795897752,0.376152489843553
"486",0.520579886221367,0.911773720833283,0.147539848195284,0.104244883894835
"487",0.747830633353794,0.54613440066749,0.175191154372013,0.924852692737357
"488",0.57567466641115,0.970573322859048,0.821445763360547,0.654023816116783
"489",0.954344427423678,0.914359850272332,0.428302050045131,0.288693994476794
"490",0.606585491885135,0.849302737286887,0.876745628272483,0.836654601872321
"491",0.869782575661787,0.911080986173094,0.642351977655044,0.306580995870888
"492",0.519165956717809,0.537881229134482,0.084950286301871,0.0397234695121122
"493",0.600398958357366,0.927517211794576,0.469786584213771,0.0448338529906564
"494",0.988365099817959,0.671516070725512,0.678887864957939,0.045750406201735
"495",0.82723852847032,0.552150426095068,0.611670579706217,0.131600874909669
"496",0.796823966135751,0.581681181192023,0.87673982922582,0.222776263422091
"497",0.308622021704889,0.838634309527866,0.321502731399634,0.404730130341798
"498",0.993422590274413,0.693381190828574,0.190930384122747,0.49493087767282
"499",0.687398385039421,0.590883713952028,0.385793909958063,0.325801457772337
"500",0.830164948051729,0.990761542664885,0.654512218379654,0.914706355861766
"501",0.856445427048452,0.961779048500123,0.14876434102956,0.0728962101898045
"502",0.648171353126876,0.829197801077981,0.0580741247521901,0.412029738989348
"503",0.906496431707141,0.828553363299431,0.55316255353126,0.801996671806857
"504",0.931063933248419,0.450579955767125,0.931632461630047,0.0221574467674982
"505",0.933824965659419,0.464904336694159,0.065319356889024,0.754545878565517
"506",0.370047916090746,0.698428366487525,0.870414108179339,0.0889048600917335
"507",0.737521500849853,0.746727633117088,0.408949020205461,0.29971719531363
"508",0.752485077577367,0.279081530389176,0.229762600389334,0.590584077995901
"509",0.314328239727692,0.931586241651153,0.326948337175711,0.152515123492521
"510",0.894550382219204,0.621888910374423,0.0644933047428129,0.855161316101618
"511",0.795587015528168,0.261162596090945,0.53419086079749,0.803592366182998
"512",0.448295353433255,0.92585818404416,0.356776665210228,0.813200735726764
"513",0.801289033576528,0.333912787130217,0.862626882236577,0.876442242812903
"514",0.868070716082909,0.836876750089793,0.462070950080766,0.271909940764799
"515",0.449058486411035,0.703761654397366,0.166791625010876,0.589119235305091
"516",0.817852096100477,0.523149351000052,0.00899539955725636,0.68488986696644
"517",0.955015436747834,0.91729531478124,0.548619641072899,0.55296084599074
"518",0.913822357097495,0.91891501020479,0.614200419172085,0.461827579278679
"519",0.790498159285292,0.917900750979345,0.290037148056735,0.67970828340461
"520",0.827480731485805,0.654718516230529,0.405916804355557,0.747731892534799
"521",0.53164685557284,0.76227318654507,0.966758936557634,0.703380149637876
"522",0.764751817777372,0.965710911146412,0.985962602584957,0.417830755578355
"523",0.471698336659828,0.684352926779476,0.364054104980254,0.537107351985536
"524",0.544299432540975,0.857800390702867,0.844995719197894,0.613531452261837
"525",0.756521479662434,0.565487665080387,0.0362661259682441,0.505128930607969
"526",0.71555353987482,0.950009361064582,0.14684027725765,0.99540915759534
"527",0.674827811829391,0.53100888334158,0.25624802798889,0.100306527384965
"528",0.700238198671389,0.943459695003923,0.226665451815731,0.958244953466463
"529",0.633946790775018,0.723813519381409,0.525795268444113,0.479521418860977
"530",0.549303726230757,0.911872701189733,0.865257457439485,0.736191634341177
"531",0.728830850366832,0.643946526393055,0.220328771230579,0.602359684241069
"532",0.626608461417713,0.996308752991736,0.263637925016032,0.00630299594332152
"533",0.6876205662163,0.67247649222352,0.290230612675719,0.57823685364909
"534",0.600195849072264,0.559283022686455,0.71762635394183,0.703490835048072
"535",0.922483085032178,0.863684706179937,0.863320443235863,0.723521974815935
"536",0.577179109785676,0.693579012013717,0.557793526639695,0.96573245739545
"537",0.404639916743805,0.682678690627602,0.496160567768158,0.412458007882141
"538",0.157255389450545,0.614953031358783,0.917476468747134,0.0308850535443673
"539",0.500647042553783,0.927706395466989,0.303004830756491,0.710358007321445
"540",0.37959110745129,0.894161322355458,0.120574924629453,0.458065988351764
"541",0.788041735420399,0.906216776233669,0.716868947398921,0.776401159117747
"542",0.743701120172986,0.942224800826345,0.495093426472904,0.127322517622644
"543",0.509603206522941,0.370375325903906,0.224415292052425,0.804137075160601
"544",0.726197284768114,0.681019609946892,0.562023050242171,0.789574881641541
"545",0.615312891811822,0.931791738718245,0.895796009199357,0.00181147673610216
"546",0.574638645624104,0.753565796596309,0.60529194786512,0.854103074063586
"547",0.957682836371784,0.777871259572601,0.725702745496883,0.714417280163563
"548",0.816826968607295,0.62884212772327,0.941479714073341,0.230124350363878
"549",0.765065086075946,0.785826845722432,0.538758258426202,0.378652938758679
"550",0.423871984574771,0.707327567459956,0.811502723564284,0.286704201973843
"551",0.612500455917091,0.333404916379265,0.234534908772021,0.134359959551704
"552",0.461760541650409,0.902427718420925,0.567714047887644,0.669093712335176
"553",0.440601291205468,0.66015057902505,0.687502872592577,0.121987375204176
"554",0.777460599958595,0.407419889890062,0.129636930066705,0.0162947331049842
"555",0.516694217455926,0.659505741432968,0.409763648708807,0.290645562085986
"556",0.390549482863243,0.713433037172423,0.998518614393539,0.673431588274098
"557",0.823027927656459,0.267816585704135,0.0748107057537036,0.0182644254928497
"558",0.702726874962315,0.821397484413727,0.986457223644745,0.0547388871254494
"559",0.6952159204728,0.583880041650414,0.344328143853212,0.392616041785894
"560",0.524227732260047,0.939740802091335,0.948886895472543,0.1354715737109
"561",0.807122181141195,0.963619613395088,0.253318385613088,0.0182219542974488
"562",0.821210489747845,0.732814888252782,0.0900356212179807,0.424460184589511
"563",0.759573812435712,0.450202214622484,0.59722969994414,0.512119171087089
"564",0.455854695045072,0.962692434374842,0.329328186067168,0.42114831717872
"565",0.82582354742634,0.96623399789162,0.895418655771938,0.878058291472375
"566",0.681870696780789,0.840304113647339,0.62174330297769,0.426093185389505
"567",0.827836340895208,0.650713421969877,0.309893282884086,0.0916792571886221
"568",0.806128486112256,0.732107564067599,0.399454545720976,0.62972273524917
"569",0.271841150280377,0.684053549065638,0.588576067867129,0.97192619485232
"570",0.987583580598508,0.866198396592253,0.273084868316578,0.228209489440236
"571",0.94395638669371,0.892921727680696,0.97987177173332,0.714133790242963
"572",0.850511107749686,0.795342063386433,0.582059247054104,0.348223174265894
"573",0.947061568359973,0.785665832152601,0.94377763143654,0.350979253525083
"574",0.465185332620499,0.861508256684545,0.651588954297258,0.715841932801507
"575",0.962096117172221,0.738566674709854,0.969292267007016,0.913838111392751
"576",0.562035597767111,0.523883931670697,0.801794639595253,0.960011949263166
"577",0.545595035358527,0.586100365642926,0.340972914884719,0.990712315298884
"578",0.88137631964679,0.770160339197044,0.609965997684237,0.0658295269776117
"579",0.982610267064836,0.750782674654982,0.2809556324514,0.50844177858838
"580",0.486624441549967,0.634943170925739,0.341338008847131,0.49795740761075
"581",0.536317683016583,0.84278848702154,0.694122523874259,0.319801936728898
"582",0.441107064285018,0.679826807351221,0.271489086499451,0.258860463901966
"583",0.968216964893748,0.810132064229025,0.792723674405263,0.248743230323208
"584",0.740279785958865,0.242678363746378,0.44725048251626,0.115054752615771
"585",0.85359976197618,0.978994869296081,0.0202831290887646,0.950406682668775
"586",0.87571611879882,0.75136724574518,0.969163721025828,0.0387188950846229
"587",0.776060239361744,0.742170121707962,0.725111860071172,0.30086336949529
"588",0.719748735703084,0.867877828341254,0.719951640168957,0.302391694813466
"589",0.712542292908496,0.879820255189314,0.881120179566392,0.0799353402673772
"590",0.851334350573815,0.654249561915796,0.47969904788162,0.958188455832032
"591",0.998420477771638,0.500494939715946,0.579983869078329,0.756460321429017
"592",0.677093481509877,0.670565221575935,0.0139752367462015,0.530295445746997
"593",0.818422900458888,0.535379803333986,0.463074351186542,0.621572262028512
"594",0.887208385449379,0.763790241008412,0.185195249404857,0.169759538772657
"595",0.693882019065364,0.791263219727955,0.219057656670612,0.661742385432585
"596",0.470332220092935,0.580116244711282,0.716533739110299,0.765487037953455
"597",0.561199424449865,0.840427266563668,0.122686012692063,0.941039496056704
"598",0.394734228789616,0.830654165747648,0.700545540525292,0.690653563366958
"599",0.777572042642671,0.218061138447573,0.340797272882588,0.0317378542407056
"600",0.800413668172862,0.671363373279837,0.219727850301133,0.917794009605116
"601",0.342767592555761,0.578982602480234,0.639169481094723,0.818784637606059
"602",0.661432129066554,0.73446476873477,0.76157344555324,0.389770219286642
"603",0.786285956110391,0.682886085684158,0.80817294765497,0.383211994022725
"604",0.779805017417744,0.950767681359602,0.416285965018013,0.187383894189455
"605",0.588823722618872,0.909157453046961,0.97000373687339,0.833331754533533
"606",0.902204036026013,0.436307662960615,0.696955926638859,0.284653541335705
"607",0.59215211134033,0.548117628393187,0.314199661912107,0.238947514591559
"608",0.932989877269944,0.451869659628992,0.0753296808124291,0.215877048864683
"609",0.890274203076286,0.708729525389111,0.120330331939103,0.974986497039062
"610",0.800014132325156,0.187498471685739,0.910305500743047,0.659973470264058
"611",0.780208749866485,0.874833148417469,0.921596888888329,0.545443120622008
"612",0.252700568865804,0.651893419621289,0.0873107371313416,0.687768736730443
"613",0.326356255392419,0.592108939901439,0.981288965822489,0.971728863948014
"614",0.612595294340327,0.574398560128197,0.436464615713111,0.695431860972354
"615",0.919158648265967,0.883101874751093,0.788445131311832,0.512689180845759
"616",0.777295582783617,0.589714693955111,0.395285589554515,0.784493100004046
"617",0.658438854648857,0.654125930528037,0.563517441136442,0.884639619021008
"618",0.606885998897282,0.337722466459163,0.922316767346696,0.086107305781862
"619",0.509552315414939,0.915896461530024,0.443938707349359,0.986734636926005
"620",0.565839222111678,0.754160841787965,0.131102440321516,0.123573196358635
"621",0.691145460302071,0.930631651886985,0.916570943618839,0.615683289190794
"622",0.753087600016425,0.511209735357812,0.95411069496606,0.323989395555037
"623",0.842773754251426,0.668768946462385,0.553227516888835,0.0606928708378741
"624",0.223246386282358,0.644397353520301,0.514756408469023,0.76376433710671
"625",0.821607360830791,0.494202772132076,0.704198511185702,0.19328736307866
"626",0.889857799335068,0.550238033075405,0.545758031628456,0.0278392611788472
"627",0.48871548338556,0.814126872202341,0.466683714283196,0.737064820673397
"628",0.520478689219058,0.575545871235415,0.0410591025505631,0.339000926796177
"629",0.343965724320508,0.805694639566019,0.661973906419187,0.389664380912759
"630",0.732181669221595,0.966526209689924,0.283099758835498,0.0100062142076688
"631",0.518716239597699,0.27897773783967,0.766105710977499,0.289681554906437
"632",0.772843060643208,0.606796180261751,0.0926042371711047,0.365103048248186
"633",0.216965569910305,0.331574396428949,0.678610502231756,0.228582114182202
"634",0.857507761345899,0.406998424382825,0.182081801764507,0.25303593949108
"635",0.952802962556901,0.350634059304413,0.214793718348365,0.790484735825767
"636",0.730382681225809,0.754057313638138,0.0210625764442875,0.0267459082605231
"637",0.699230753189091,0.805947674383674,0.11341033195691,0.813522602503315
"638",0.691490779854628,0.806264431115043,0.962161686823004,0.109550039270749
"639",0.474088490677691,0.646456563756397,0.299221640013397,0.437191862664926
"640",0.602786978743713,0.57216132431017,0.998812108412375,0.948304531092361
"641",0.716693443432037,0.276621041986035,0.540033179828811,0.220294033637064
"642",0.542524749811491,0.798657737130554,0.37874780111484,0.766426936895982
"643",0.515371161361252,0.516258027685893,0.989852171700239,0.597444428936612
"644",0.956327562944213,0.239667620514438,0.0979784777816157,0.560415946344179
"645",0.694333299988208,0.463953129255766,0.742962289277248,0.7831542118559
"646",0.536821057717128,0.994423854287862,0.413726750205364,0.889767813279261
"647",0.982404212712172,0.70536613360543,0.343142427809891,0.781540293258214
"648",0.496652263861988,0.647450892838378,0.0634158579311853,0.507381782019395
"649",0.451681749586547,0.693629492282757,0.443681774905016,0.192100137775979
"650",0.274116022649242,0.654559940094958,0.144202651133712,0.698543100771894
"651",0.417797770727147,0.480688378537347,0.958242096370455,0.583810004882118
"652",0.489535817787507,0.850651865989951,0.21091716801979,0.357658627058048
"653",0.906530856212883,0.274302493708764,0.25212166941957,0.374887440400738
"654",0.980431317472486,0.602062646186592,0.358124799795289,0.263234446593443
"655",0.795356662279731,0.597714742215096,0.583391282237623,0.167882499206977
"656",0.65219443203348,0.593011180393401,0.694545788649115,0.257136493372149
"657",0.898015381331143,0.810540752546211,0.655465559061676,0.303925786459755
"658",0.707178908955643,0.890017628086132,0.581163510582103,0.126668557089894
"659",0.892324117774254,0.77622858709053,0.280045527952642,0.564455732939446
"660",0.66377160912329,0.986777487700441,0.382859464515619,0.76227953260689
"661",0.897318960064548,0.329265871497825,0.850890862974133,0.393298493165036
"662",0.473178025243989,0.83766708030424,0.768707739982392,0.719804978595666
"663",0.750268096291135,0.850501351324523,0.341218669948496,0.710698185386012
"664",0.452525557009239,0.500426800249988,0.982938650945521,0.223500397960138
"665",0.822855742221638,0.472304584506332,0.983816902315461,0.0225936698867702
"666",0.786053070530481,0.917929127718265,0.585613623565122,0.0755130490890854
"667",0.984147717247782,0.968449486485469,0.3942099142673,0.0516281138389373
"668",0.325724907519964,0.987496408797376,0.894619423227449,0.0447164430992319
"669",0.775668022558748,0.963385139465564,0.122750832000968,0.758250830167793
"670",0.601922902541552,0.170505562542494,0.151557456320071,0.29044029328462
"671",0.994364047114007,0.783366446873558,0.0767214174132452,0.60259801388011
"672",0.349969046266499,0.616545868207415,0.67901181137257,0.131805020947406
"673",0.879952046911784,0.863227889731596,0.759596948755864,0.362452305697621
"674",0.637342502614317,0.789015716224821,0.79894533479819,0.219917901195963
"675",0.799250365392223,0.795951813493047,0.290238914021214,0.263503840624755
"676",0.847430157375533,0.591391453467281,0.100052236470779,0.879404330247002
"677",0.771025627739145,0.550708852568156,0.321682532972896,0.315749205301544
"678",0.840690401236677,0.770698301304338,0.0491959477377534,0.331953609873829
"679",0.695994493453,0.696918940229835,0.813600505574399,0.947433040766604
"680",0.435088997389167,0.858880695527551,0.0769678036039807,0.693590596335642
"681",0.663925496507746,0.852020771206297,0.914985033630955,0.567039908146068
"682",0.416919603296393,0.283321849023855,0.532716208032568,0.734381803454629
"683",0.968230044280636,0.726218174748293,0.725658727187407,0.460664168121587
"684",0.442955967385678,0.93762329499155,0.84037126860811,0.603588668685194
"685",0.862835845951505,0.453448740057379,0.591930094974516,0.79446923296139
"686",0.499363452432849,0.44169587780365,0.394638048624663,0.592775205373877
"687",0.756032977443824,0.631126463993069,0.858380862194641,0.275389887150434
"688",0.59897813927966,0.691596813551114,0.880038233967224,0.298088662551384
"689",0.66253338303003,0.573088325318565,0.859827429329364,0.567343781663819
"690",0.901766864903721,0.749263514293939,0.530461303565542,0.766183698187832
"691",0.971060211734735,0.358935759358721,0.958713895463505,0.565121820245589
"692",0.827414458746623,0.6750632392969,0.944152313186855,0.0645986284895996
"693",0.428924060478859,0.892378244808157,0.439983377480006,0.83505880688681
"694",0.262915588717483,0.563403687425666,0.931185797977606,0.613637091880452
"695",0.451013080928783,0.823068633953488,0.757298870073544,0.130083764766008
"696",0.752265355180409,0.996710208523856,0.809477935711605,0.225317011159915
"697",0.596240134444941,0.882327823357056,0.380820846107943,0.604686010677218
"698",0.675085514169716,0.871708830240456,0.0788003198279061,0.209587800399327
"699",0.919622420751493,0.698122865796402,0.924722142019219,0.658476420164565
"700",0.555643634594194,0.452325737049732,0.862325079255844,0.0188424179188465
"701",0.973659919401466,0.712643060908627,0.834884404447314,0.387533209832374
"702",0.467218310173214,0.923847898971632,0.457801118698091,0.44668015870458
"703",0.862584722129817,0.602919621771902,0.948886439764762,0.634981976379165
"704",0.88055318345711,0.967196438692973,0.0517838790775568,0.535631840420276
"705",0.697317889985677,0.398259457414445,0.767240665344742,0.253478827482481
"706",0.914436675878811,0.690215035549146,0.412394747338292,0.084544829490422
"707",0.957499916106398,0.917126709280885,0.378461113452037,0.0459809890081017
"708",0.922176372152742,0.87835516484062,0.501617091992509,0.305149182869531
"709",0.678158521520625,0.845910413912761,0.4104971515339,0.469190191802484
"710",0.705515810693115,0.933195326687533,0.14353006158143,0.417726956724396
"711",0.883986336734141,0.992072672988705,0.892214555833462,0.178199347563246
"712",0.725458454752684,0.821309680371832,0.477083890671055,0.549004896436528
"713",0.581950110988075,0.986865245106134,0.631472736156551,0.652270685942629
"714",0.370134215481301,0.943149283030391,0.396614541759836,0.260918459175346
"715",0.649688864597702,0.898810182778232,0.501389926322096,0.155250248716914
"716",0.897571428838903,0.755765142081716,0.366955871216463,0.545082508128788
"717",0.678697173428983,0.905381445120165,0.955652269760471,0.982860004840566
"718",0.492700196776021,0.880769995905237,0.737435075938928,0.771069548266955
"719",0.800694801346145,0.889665191651461,0.120278316003849,0.483595083675812
"720",0.850122412749376,0.787636954906335,0.485011859556585,0.434383850741109
"721",0.987429890425255,0.591128752358801,0.169003594663566,0.0910234957199741
"722",0.629157290942128,0.668350555190646,0.680510630232238,0.242223538776216
"723",0.313129605869006,0.763214241723492,0.557898167429071,0.390651359614402
"724",0.335674658848063,0.80161757512967,0.38877705063673,0.281571276749663
"725",0.791430438942665,0.697187394508965,0.280171026645295,0.165028481553044
"726",0.841543659742997,0.921837752723401,0.109476006932372,0.278253199727663
"727",0.347871428156594,0.721200170645058,0.338786063997179,0.127787717228171
"728",0.520453882954545,0.552062857653278,0.215300599466565,0.295190729800011
"729",0.809708508288142,0.458002620999262,0.2266199118166,0.994916997712679
"730",0.427816875004745,0.905782351099056,0.118197524021823,0.965488075224493
"731",0.37887754421493,0.582793113927303,0.41114831723337,0.698686021379259
"732",0.703714885575386,0.702399359503308,0.160284251680559,0.0613352172789116
"733",0.855087585832403,0.494489718958044,0.619717367304916,0.834680207208336
"734",0.767301780797143,0.822875284202368,0.985725062937044,0.705460021385692
"735",0.396474551482439,0.653405141160359,0.866700764138358,0.0933860820763558
"736",0.470043904839107,0.930595624409486,0.715065756026827,0.36511950001151
"737",0.592815003197759,0.411890451878111,0.69022935951581,0.0774272769528036
"738",0.817245193191908,0.558883171292157,0.171856753373726,0.549682387495327
"739",0.532936379284575,0.924967808686151,0.692495874853054,0.176266249162174
"740",0.990386128083981,0.501077613493538,0.814679872341575,0.568867112710135
"741",0.305033998108344,0.607671766771973,0.0354176592569311,0.0492936387699211
"742",0.48831599610707,0.425189738405846,0.604356671542176,0.3619404452138
"743",0.710499813470553,0.864076315271482,0.791867774636338,0.793712742107798
"744",0.558740028430215,0.604039694881804,0.700922964906294,0.861853187700694
"745",0.924373047205382,0.889080868574074,0.686524439848179,0.0879831433663544
"746",0.869330271388368,0.725464189091725,0.173364003066311,0.945924006972608
"747",0.490274725119415,0.67309968420324,0.00912789876507336,0.18292068830553
"748",0.759313598294415,0.691118009381082,0.861373288227269,0.459554942139272
"749",0.764277251341652,0.390436127340494,0.371900237227201,0.464747669347401
"750",0.92053295564851,0.413619652344021,0.187696796380139,0.62933262724528
"751",0.999115604406779,0.867134242349524,0.376589641906973,0.83343351116738
"752",0.859588079683686,0.581242485039425,0.583243043664415,0.442419167299892
"753",0.700039581799294,0.716727770126075,0.631149407991604,0.365454077060351
"754",0.859901881610921,0.980816028519413,0.818855969493395,0.519094893627127
"755",0.654958822545301,0.577613174403482,0.526532338844176,0.0476613925566423
"756",0.989520211924331,0.973275842138875,0.413437015863683,0.534265389923464
"757",0.848476857110433,0.359342700318499,0.757455176386232,0.12908939833391
"758",0.637945821094684,0.956639034155364,0.72128338289833,0.826698333041831
"759",0.414264515271579,0.543677797586972,0.647152507089156,0.163067499303191
"760",0.800930335177671,0.968430928182041,0.976084585240131,0.782989718202988
"761",0.281562918426191,0.971273435295239,0.476987449666461,0.571778780550016
"762",0.56326275615288,0.21712276772491,0.221431223230813,0.729150883466141
"763",0.663310988819853,0.578485041071465,0.17158937241874,0.994977816260686
"764",0.48758512508051,0.853701108989873,0.213146340735701,0.0375552641745375
"765",0.648164374569328,0.64405416440739,0.687734397437994,0.833608207718822
"766",0.586993831428592,0.415814638368207,0.492205799816778,0.156045234987481
"767",0.918957580278704,0.938810818341797,0.0361750971166765,0.371617835589287
"768",0.962043875760059,0.600086510397779,0.829974361525829,0.74098473608261
"769",0.580178803991233,0.63658586811186,0.731539630754152,0.277310362365825
"770",0.464775065992822,0.648376128417267,0.0741708937802349,0.428126830258452
"771",0.608930509175983,0.903517247537563,0.716866075094988,0.983495536549112
"772",0.971749847120009,0.772011458444897,0.203008591444909,0.586229047498369
"773",0.433193720992226,0.81383419049062,0.726762658398462,0.230409015711509
"774",0.992004694570063,0.639248377552196,0.991150715113614,0.332993516414544
"775",0.791409146665175,0.866735769593021,0.207754822512801,0.6782356305259
"776",0.866871374942222,0.915050909298054,0.579141762509061,0.0502369911695886
"777",0.803009658164214,0.531658024502107,0.500901615984148,0.261088636968099
"778",0.91698994798982,0.590829074147681,0.385837168252185,0.316191743797123
"779",0.769513068432702,0.733975337570645,0.471265208066678,0.257457186161023
"780",0.778294679932998,0.59241028338077,0.288564433205991,0.0134579536353208
"781",0.884948081045206,0.969682691226338,0.142792994333206,0.568897842815325
"782",0.88677158460691,0.721105871125187,0.250056004396201,0.884857516249591
"783",0.76193931563537,0.831661178180868,0.253667387831025,0.974257660945789
"784",0.801690164469653,0.827930480493937,0.22356621146947,0.0602629361572347
"785",0.82210442241555,0.708157122215355,0.904312459533408,0.244999079739754
"786",0.552444475048785,0.528200777192202,0.987295214444664,0.595145636076275
"787",0.745659655474672,0.23325658838489,0.533362743407093,0.291102946339131
"788",0.482799183680685,0.737364371706331,0.582446126413661,0.347868683382846
"789",0.985720890700128,0.390985485126184,0.325444444625344,0.0866530193727394
"790",0.811874507587427,0.396818827362133,0.879722002485554,0.983014977355302
"791",0.849441794757834,0.955810178347445,0.579258192036308,0.79002445513929
"792",0.382284628353952,0.437723634427909,0.171750839545311,0.0315353796471147
"793",0.566938849595965,0.396011621676584,0.348097321777522,0.0725541694562994
"794",0.728509825557635,0.40950417899024,0.450709539132301,0.541662019745465
"795",0.779255412495398,0.760464216594076,0.566083955985707,0.419758479464877
"796",0.438334499201111,0.567842462674647,0.0278428868742798,0.791066534383641
"797",0.508431476115746,0.918625124274898,0.362289809676103,0.465901777736491
"798",0.745350856679745,0.720005814528867,0.838975034029732,0.0264266986084964
"799",0.962513979113485,0.710111321067657,0.0541984349484718,0.308027278023555
"800",0.528925099818039,0.686402979799244,0.539630198276372,0.821495481769779
"801",0.870286614548693,0.685126489477967,0.311407225646256,0.0519424141684499
"802",0.965520268269271,0.612314200046514,0.895987131360776,0.684029755724576
"803",0.849242256298278,0.775526612326107,0.157062674355934,0.327744016027103
"804",0.49403617290861,0.856336991557741,0.759433065324286,0.551519093952602
"805",0.81125063172623,0.884388201644564,0.505724878760829,0.93980899941766
"806",0.989309948118022,0.428503654866785,0.515843244563408,0.0687937715778656
"807",0.570804645027302,0.420851644739901,0.278001817453952,0.391111432798294
"808",0.885709328099256,0.86137120173186,0.581733845358953,0.105711741523505
"809",0.276800722835953,0.412078336856236,0.660431980425262,0.193987078828888
"810",0.925682468193882,0.982890959196614,0.261272115866417,0.264209398516247
"811",0.610054779100316,0.704043035144127,0.327575555761425,0.858552105540145
"812",0.576597892734792,0.843602824580476,0.230310558901211,0.566536358975023
"813",0.931084870329978,0.984765314764507,0.430625005792234,0.0367662045221927
"814",0.746192781259176,0.449196372702392,0.186174594379558,0.617450520015771
"815",0.792305227707691,0.642220520462191,0.647351463776993,0.980271205571606
"816",0.55094025279103,0.665260519976765,0.649551976322868,0.211502064851234
"817",0.991670862622808,0.936583522328136,0.329927137360791,0.447962442263138
"818",0.997322901114234,0.835670817754958,0.907684115560391,0.257288751648947
"819",0.714837213283751,0.230521158552966,0.906862767532294,0.311660300876155
"820",0.742181450807927,0.63327411175727,0.808686766606199,0.841343224758575
"821",0.787130118530659,0.505741594623812,0.107742563166761,0.31852905308255
"822",0.572689304293433,0.744253548766389,0.0897446159471512,0.583147466694351
"823",0.924005933422951,0.530550442156268,0.75681923537806,0.0420577684435851
"824",0.733403583191147,0.389166492111558,0.729507682414191,0.506217377225352
"825",0.461580079086583,0.680294035794668,0.660635838605839,0.980834329361284
"826",0.751667074220527,0.437445389734197,0.121279793659262,0.215647466985775
"827",0.518128069085117,0.611436912943514,0.656960665406755,0.0693044014939038
"828",0.910477935927789,0.657258924344793,0.335333340190901,0.935495587505489
"829",0.65600895917924,0.656738107294502,0.25932936788056,0.0253012398872984
"830",0.506325763388256,0.404919924900462,0.493987204683447,0.94939180362577
"831",0.62184751636589,0.910329982163852,0.986744435064771,0.311730774945062
"832",0.273346696905521,0.273915853690294,0.831595724893184,0.531322813949944
"833",0.49330295743561,0.666339726335204,0.838753655659855,0.142272456623974
"834",0.352485730965985,0.526834268417631,0.976485897246301,0.457352632971731
"835",0.60837228877714,0.506560152790628,0.785484056585646,0.984259352124526
"836",0.586463224639809,0.929795497083637,0.62668970422099,0.165394729873581
"837",0.866309025851411,0.50892230945568,0.781620167745494,0.329600251569526
"838",0.891186963280645,0.963592107184996,0.908994225032448,0.00189594238000849
"839",0.807731808623349,0.610148258807493,0.714221962269937,0.350606609312548
"840",0.644859675360745,0.952590465392351,0.995536059095981,0.0012620281008687
"841",0.919899652381953,0.431855207971751,0.21690114072404,0.847517707746341
"842",0.629998385314883,0.613210873807515,0.152765130661994,0.13725204972096
"843",0.780614902949752,0.8365727766338,0.901473951235557,0.198171938544618
"844",0.734151468520605,0.607923904682096,0.576751139856076,0.570613770719899
"845",0.575113817455804,0.588944071739286,0.539711575854106,0.356342558078725
"846",0.672280359859463,0.802061701235648,0.0751106182242567,0.13008585496006
"847",0.637005372065653,0.747193364383279,0.41713436787337,0.604535759907762
"848",0.616145224571392,0.857172216414562,0.981254575128782,0.135505176078634
"849",0.926214015997807,0.515159491982517,0.338210832574669,0.433030186765151
"850",0.895756310138856,0.968080523754874,0.0506107285579696,0.321091177813244
"851",0.684636353529128,0.638791670055409,0.547194866891003,0.167086707437214
"852",0.543730644313041,0.916216146785653,0.0155394376633427,0.542031506229167
"853",0.829395619325061,0.415723432423302,0.0402252473363986,0.367891441365909
"854",0.45648066031717,0.914553768778593,0.342811544201044,0.680672618374039
"855",0.772367054338229,0.690143261019766,0.777239159931377,0.4324390792246
"856",0.871847798232279,0.552215146289704,0.865469781883813,0.512179318183048
"857",0.567969012463117,0.911759912808572,0.86529478077523,0.841599182049811
"858",0.50599913612601,0.983396504490612,0.495621584562496,0.222558509853017
"859",0.736895684868658,0.846013018695688,0.511696962778643,0.599093594961055
"860",0.361382733989938,0.553771135686061,0.487715170732681,0.433087476404203
"861",0.81782998881201,0.736037884987587,0.0724696719256129,0.993396263670274
"862",0.947053263343875,0.733805627433956,0.283700640690492,0.563613501415734
"863",0.790160154086804,0.700706020022754,0.757041910955939,0.4631737561079
"864",0.652004584015474,0.724226845326719,0.896925031651355,0.904810580225507
"865",0.692344281864159,0.421613102615484,0.122104981360364,0.845647018369904
"866",0.510042892407824,0.94094492366357,0.90161454597484,0.375456217391103
"867",0.684611122894966,0.843551132433877,0.140935313141184,0.165253542443968
"868",0.498217941387972,0.456053375593825,0.337954555432394,0.663318361083228
"869",0.680308794014424,0.522357097415034,0.188229373069102,0.939547242555594
"870",0.782733945693438,0.86501817015074,0.257608855639112,0.822352783060957
"871",0.937234751616548,0.606711668360387,0.73438869872048,0.0302991565442088
"872",0.465452145095105,0.875603780550331,0.701644944875801,0.636624188573762
"873",0.441220870220416,0.592939130937645,0.346812358743946,0.502364380181369
"874",0.924692707995706,0.970720541478178,0.308115285752089,0.555167765943305
"875",0.917382365446403,0.981867552191721,0.626460945525401,0.178894366948721
"876",0.804514272121676,0.825235373002718,0.224337343146427,0.126791093538283
"877",0.807684020943002,0.898644440613932,0.843070052378603,0.615688962730389
"878",0.451227575254259,0.540882138640572,0.659441145012673,0.771517281393405
"879",0.469369439104102,0.537433223322515,0.666233142151237,0.822124075328715
"880",0.864685395724153,0.562318204345657,0.713200566226991,0.735615041199098
"881",0.596066307171495,0.710978794644473,0.845198286941888,0.852719423960025
"882",0.74963372877717,0.74260603640073,0.812758373337117,0.999029268992633
"883",0.826579575469484,0.602450842869217,0.456188012566126,0.10531943686484
"884",0.831156459363987,0.733602438826824,0.644598582834277,0.448522888628385
"885",0.750936193041488,0.993667691434607,0.841055661823318,0.144116927190884
"886",0.7027198691809,0.795517540678186,0.194528480925352,0.576429050430293
"887",0.67166328382452,0.691363138560859,0.217116771252415,0.300441517002125
"888",0.185215342881863,0.929105738121989,0.357672052675833,0.821588696854631
"889",0.733391218293289,0.536062398536843,0.223411326395385,0.220636877770763
"890",0.732185409684964,0.614533185761094,0.667787146096414,0.495915173637389
"891",0.872430663704825,0.475435523296186,0.814063468444693,0.816109294080599
"892",0.588588105047759,0.873314111387516,0.133864900160357,0.539854710088052
"893",0.737058868276905,0.99830843587948,0.488683739384913,0.449764921082646
"894",0.778811852677886,0.889578449083512,0.0387885088993844,0.796888087892534
"895",0.493428138413162,0.889412184514702,0.362426453117681,0.268934605469345
"896",0.678872880300839,0.382501320226013,0.667919261219356,0.152149672125385
"897",0.892324855530064,0.740218447065133,0.667180182523729,0.00606906061880018
"898",0.735226365166965,0.588454017606248,0.831989863258336,0.822280849832746
"899",0.909853193781616,0.942400386585924,0.964058941408252,0.332885447203201
"900",0.572579859791603,0.797562829781838,0.399682501086753,0.84635123408817
"901",0.707668441163048,0.525035083554407,0.889651818709308,0.491276262423207
"902",0.599014496225935,0.531891456182383,0.399687376523596,0.950776884651814
"903",0.798928407053211,0.648019439985692,0.476743973046066,0.581683478352696
"904",0.224678576684751,0.836628330770885,0.807131536816678,0.188046813602805
"905",0.816707118142463,0.308599593679136,0.912923233470058,0.00802932097861792
"906",0.694172144726856,0.883793268257573,0.064960402417758,0.43254973713027
"907",0.503664479429327,0.991657716218554,0.375247669811462,0.319558221478113
"908",0.962415210342304,0.960493858974224,0.703811791386346,0.466187872573524
"909",0.738531672311035,0.782656188325688,0.800777149333755,0.558759922248214
"910",0.799839093561493,0.541666289958968,0.746721553827113,0.918742335695059
"911",0.939111093976637,0.573887801596217,0.981947733900742,0.85348910987909
"912",0.790891102773715,0.777769474421452,0.155493396970583,0.264823125891847
"913",0.604655665886626,0.772901080395399,0.833410495379944,0.47434357072258
"914",0.464310379864607,0.864469021684638,0.692449201924837,0.404950825400193
"915",0.493041562679853,0.787086286179486,0.870194865900954,0.184497494877871
"916",0.711111933459333,0.405814031837278,0.0384573026051311,0.578642274615686
"917",0.796847754044308,0.819272814053341,0.590017781745187,0.606278403037939
"918",0.689757480809619,0.676308133011858,0.46286380337321,0.189432449540303
"919",0.630762068362725,0.985094822601539,0.142348630180137,0.140843671162946
"920",0.975019652618416,0.875229322872213,0.4736743880712,0.161611139940908
"921",0.629967227910113,0.728377321823664,0.18185754154388,0.905947757553989
"922",0.57659774852781,0.414937466727743,0.880446012157486,0.156738176822835
"923",0.914202341715536,0.753936534081832,0.898508715759141,0.143648077462064
"924",0.86232920162751,0.624260782711841,0.698468599473899,0.495246979370598
"925",0.854683926540395,0.504810010451115,0.507096181030793,0.0360681452685371
"926",0.479918567708943,0.494884708777407,0.184010677974532,0.607478169563944
"927",0.715484048214667,0.782183338097452,0.590726842710104,0.736835579533975
"928",0.740261583511857,0.559878029576821,0.0314460513882134,0.365201716990363
"929",0.910623374024277,0.942656691268717,0.951938017363379,0.759551172852962
"930",0.623379654416445,0.922997804467734,0.0478588104262689,0.270036809799437
"931",0.189771440823693,0.470026577014533,0.187022334459557,0.16901171889434
"932",0.30664365371757,0.764045822484263,0.00723146685123028,0.542269311600639
"933",0.974864610200251,0.856378319213324,0.102416293132514,0.0803201250715791
"934",0.646458202360723,0.587951078512959,0.88344112421267,0.69631141268019
"935",0.756062387279922,0.223603609935684,0.639326038647972,0.197598263952281
"936",0.717098693103652,0.63821557868897,0.489171226297665,0.599315794533986
"937",0.200612147129107,0.504596142299743,0.589328155086452,0.112055299914032
"938",0.81829224161269,0.372876494678576,0.179354354164891,0.277778829954437
"939",0.331530470593263,0.950405689775,0.15649156076548,0.306717905023359
"940",0.588723802077367,0.997695584446081,0.053649809694828,0.102504941248392
"941",0.683418418397669,0.60574493697786,0.525221571864502,0.196400626968919
"942",0.782307693454274,0.953932417597813,0.786125540608926,0.273191945655647
"943",0.508457031249838,0.756995976801626,0.263020661887104,0.0689018149033866
"944",0.660259419631928,0.888378111368516,0.279656673302106,0.99295341174765
"945",0.835890488515244,0.546210331814295,0.347450587562376,0.0526243378435684
"946",0.832155229148687,0.135520803412753,0.0989844298400316,0.442087251017341
"947",0.564856794755033,0.675118511088343,0.177980748009328,0.271822931595609
"948",0.986977373317516,0.958150884429522,0.673142237283439,0.539408671517135
"949",0.582050897294268,0.908942806457244,0.856462337233986,0.0143159231501476
"950",0.787221149309435,0.610241486781761,0.0414145539414812,0.562772679905175
"951",0.512890730084302,0.615403149489274,0.996575000635459,0.623693546185823
"952",0.938344192623909,0.610795130053085,0.55999714763664,0.996586798462224
"953",0.914088127684797,0.269927009007722,0.0557552387881053,0.160819501665795
"954",0.962920586906828,0.522222216654237,0.0828412326928596,0.0180386107941892
"955",0.731154105819645,0.985059803172326,0.718979382774822,0.657230063863509
"956",0.480363364886327,0.461284858265161,0.85773713407202,0.0181479584082513
"957",0.741262275225016,0.755116837151857,0.853510560913342,0.136311534936447
"958",0.537529757021029,0.621293444863593,0.637871462614117,0.78346290222515
"959",0.336966974457431,0.42960114533056,0.757116932916505,0.373937257830793
"960",0.639944474205972,0.180892548058924,0.969988319406937,0.8231567565484
"961",0.662752475222497,0.444156538068428,0.425352857678747,0.0290379836477839
"962",0.841001343750098,0.594883300273854,0.551910646433029,0.542295268372688
"963",0.68736185690115,0.704413023187371,0.682682843213727,0.850191284287498
"964",0.666232838594366,0.353653719807945,0.926703376833059,0.136977726436261
"965",0.981803478550954,0.868893269669464,0.287962458361636,0.495815126830601
"966",0.841285928130666,0.921215907244104,0.521990701086717,0.896803793490385
"967",0.722243452279332,0.432139050021756,0.0400745507421239,0.330030179585853
"968",0.950090001736388,0.731171713992294,0.255040886022939,0.29293900609486
"969",0.729951948877428,0.68609060030641,0.915114058859963,0.727348431100397
"970",0.876209100664812,0.969154727198114,0.933283549644833,0.679668651037538
"971",0.71808284716387,0.984699615252744,0.348235461568056,0.740393242456852
"972",0.623468720952672,0.475393751559677,0.293782372681011,0.644886579300267
"973",0.437428430696867,0.751480715804897,0.659334670703173,0.619101439743497
"974",0.242010005394825,0.728342662045753,0.730269679068355,0.779877881318868
"975",0.954961522126599,0.769475429071755,0.711709286518701,0.74929126314545
"976",0.643442634718473,0.874798805215777,0.958691631722012,0.0540048805276672
"977",0.503044578502825,0.451300278443507,0.704819925409128,0.236125217140188
"978",0.89708193773472,0.386981745221841,0.072290121443583,0.526947306466537
"979",0.483969989590432,0.844281461118617,0.402810743382169,0.105190151806115
"980",0.720067312572199,0.655529475271948,0.0543536119808883,0.998745717516791
"981",0.293629830263455,0.91938262621949,0.196436705529128,0.456518038267577
"982",0.97302308829769,0.603645893459682,0.132924474408679,0.153014383814532
"983",0.912872903655877,0.68046722616517,0.277803644897154,0.940953980622999
"984",0.435716770776533,0.5002909793716,0.271070099758274,0.231216791566473
"985",0.951822392920329,0.523352826109688,0.900142630889188,0.700539591633497
"986",0.918277415484794,0.173884252976556,0.751090792414763,0.0970454556410224
"987",0.740759475717395,0.790822661994014,0.825317657327615,0.125106275401823
"988",0.772085523353888,0.361676289584658,0.85136105025891,0.577225384442057
"989",0.89034966963735,0.598261784350097,0.804587962685473,0.12252930507463
"990",0.321056780467083,0.879668065535559,0.356827018705137,0.245724748807401
"991",0.424229044370577,0.821099379733109,0.672758022099188,0.105574715672394
"992",0.74043822784355,0.85256205556411,0.935800388634151,0.0744889294119777
"993",0.717022232987676,0.564578902126651,0.72809941220145,0.603852805382805
"994",0.25750981243684,0.892076531575811,0.0444492561496507,0.546584197652115
"995",0.928903911771628,0.944900603477563,0.142365855886052,0.692549573414808
"996",0.833278545057571,0.527622196107421,0.439180506518471,0.362251617215457
"997",0.705124737569249,0.823082707781842,0.414984247891291,0.679232912752218
"998",0.934398008346501,0.607072198250839,0.313930580903075,0.749007617731767
"999",0.923306232435228,0.869207822940645,0.446974377897242,0.321550748280257
"1000",0.913935622692945,0.85928759844673,0.750438955373911,0.635930550604876
