"","p_values_bi_null_both_correct","p_values_bi_null_bdoor_correct_i3_violated","p_values_bi_null_iv_correct_b2_violated","p_values_bi_null_iv_correct_b1_violated"
"1",0.799892265895896,0.655649560416783,0.822510473257128,0.958851876087571
"2",0.814593283643926,0.723260940247454,0.841754486951981,0.998608278181607
"3",0.51867406901812,0.594361413985317,0.204322533298987,0.551841150222383
"4",0.767031081533419,0.947789085676986,0.0808963906321063,0.498599729593232
"5",0.993319227865713,0.855585216857682,0.733725539279679,0.608862237579406
"6",0.880750777194061,0.690602406679675,0.787230174941652,0.817906166197998
"7",0.779028775075798,0.856236414110463,0.0769349210312002,0.235906510761082
"8",0.520213838384601,0.956999213412757,0.703032493347364,0.830721594382957
"9",0.605917834926059,0.615703489209823,0.274584386931635,0.904334253795547
"10",0.76634637814132,0.868471005591557,0.526279053888217,0.829383566935018
"11",0.790655083727442,0.740662535733471,0.528998772388657,0.735225808851359
"12",0.955638910084118,0.856131758055994,0.671771368362829,0.170017176870766
"13",0.510569685210486,0.999219547439279,0.181669393026253,0.313274549141664
"14",0.893845526178772,0.794755027453285,0.0140268726817072,0.79529557601788
"15",0.799112743591353,0.980620283863828,0.617297353762056,0.892280251592213
"16",0.614257733052365,0.639410986463638,0.89171236571418,0.205146948142365
"17",0.461732169785471,0.815275903460892,0.900153527243439,0.166225692261085
"18",0.837305664486163,0.68112898006836,0.737386465969349,0.0332097470477857
"19",0.855754995835705,0.936449625437121,0.366687208666566,0.863628585202543
"20",0.672104950996072,0.862231175702488,0.605798982751024,0.274601351061667
"21",0.315754693919536,0.844300055102228,0.0748749973795669,0.341712101554248
"22",0.36956297753685,0.298995340459818,0.386474040172476,0.520646243940175
"23",0.230640575984315,0.87146436061179,0.464933235018745,0.45742348325979
"24",0.567838869487122,0.774430333102916,0.536858119926243,0.385010036371108
"25",0.854377083199545,0.662856564673996,0.983549266272443,0.729356755893159
"26",0.363225450844027,0.424084637985848,0.467306285851467,0.36767983162884
"27",0.779653614527083,0.64456147437574,0.886830900016261,0.235944238284191
"28",0.830338750546724,0.476098684033655,0.527111452225491,0.279000071648147
"29",0.928732440095531,0.334229318749626,0.826809181395207,0.618133434097243
"30",0.959206766121168,0.607724479775018,0.511247626099262,0.136855302478275
"31",0.889094994021542,0.996612609631335,0.98648313852703,0.405965720064148
"32",0.990394812980294,0.856972519870284,0.187175260331595,0.519568788074202
"33",0.534499716077353,0.824020483543316,0.738529314311257,0.333730413400489
"34",0.955152227671414,0.678438206325309,0.811755404917172,0.899945652654816
"35",0.817787174955999,0.467161440632871,0.835517761874234,0.549571962688052
"36",0.954431333415058,0.782067293823247,0.0862321712813703,0.00866961166034374
"37",0.610109245063427,0.943484545622726,0.164540580060874,0.111713120994671
"38",0.986757264785295,0.380196631788099,0.214674398364443,0.0956995073568307
"39",0.759372079802782,0.448150420850514,0.530959929861291,0.17236877112572
"40",0.970158655459811,0.935256287743835,0.657241985005774,0.119010553970824
"41",0.615294420351685,0.485556910463354,0.0705603246200312,0.246032655682214
"42",0.83925588659696,0.50760889951816,0.232988807068202,0.681687540995045
"43",0.845496284791754,0.768592272189971,0.739143446335779,0.658876448508022
"44",0.980048949404246,0.408141611366653,0.291033735454985,0.669323808155426
"45",0.635880942970037,0.469734525289986,0.526904831880383,0.664326151562575
"46",0.652147074633628,0.725480198951554,0.509129339512826,0.593614275973238
"47",0.678725070299472,0.905832621537836,0.93834462158138,0.194040527050112
"48",0.737015635393898,0.930128935522932,0.0721506985833021,0.856131654229279
"49",0.399391717342316,0.683697956439933,0.10405477597412,0.222540602613765
"50",0.878932717659297,0.542436717039479,0.175826850551432,0.0421242410403874
"51",0.792975714349221,0.988450493035066,0.503617182473489,0.618446791716833
"52",0.512734886420207,0.777305616598212,0.142354291949787,0.941532271596443
"53",0.774543519165657,0.349288139067922,0.814685130044683,0.567923686855123
"54",0.862516630021296,0.999916902557152,0.477016735711718,0.423819287874841
"55",0.686305562558328,0.973321847370661,0.534252184490567,0.506291248089104
"56",0.572640032691111,0.567670024697549,0.351511258401867,0.69263506714305
"57",0.740508892111266,0.973156034444973,0.800742880895182,0.996401096606821
"58",0.992322907126261,0.677945534195863,0.474098482344055,0.467636086518815
"59",0.688293075337252,0.824337090957605,0.971226777926343,0.979758252734069
"60",0.831050962248419,0.490103100094944,0.0299198799918514,0.795782313063012
"61",0.959757956482209,0.786921475386594,0.868166473574608,0.329577654705575
"62",0.275178099567376,0.893606814671332,0.446796353466605,0.481801345223975
"63",0.898429945763418,0.346459147168351,0.648629406883027,0.855383490444917
"64",0.730706643947898,0.72477309224885,0.815419680401722,0.0479233143323856
"65",0.801082965190751,0.938027829495804,0.622727240016404,0.63137377522945
"66",0.794198840605389,0.712022924822603,0.247479894623814,0.628738755509303
"67",0.807995760131425,0.964289139714282,0.87376361361447,0.284491419537746
"68",0.925662544820455,0.54269331644382,0.273197281890236,0.86414843229481
"69",0.752461110895307,0.995572494421041,0.262862528178879,0.153105339342688
"70",0.446070286337754,0.974267277104323,0.948216874819814,0.493171620010795
"71",0.651074760120804,0.75564151960923,0.302822514912363,0.355477217147782
"72",0.924976804147788,0.696252704977137,0.0895875214519075,0.460729858833371
"73",0.922245942442433,0.956692375202126,0.443168788697403,0.768355383150176
"74",0.686910429748005,0.795138966347732,0.981099546745982,0.49136066095128
"75",0.89315604458564,0.878846463978043,0.531598710598059,0.294397124021177
"76",0.558511137300154,0.931750361824692,0.975694202213648,0.934448417278605
"77",0.537552358215075,0.94936428587495,0.123512058387763,0.378264379732403
"78",0.585636445728241,0.873919635702777,0.503630050328473,0.724404356260981
"79",0.770349290351144,0.499979817937818,0.396924803075241,0.817208055399712
"80",0.903642882626918,0.741864326968276,0.830980026264895,0.779913084432312
"81",0.528207728905796,0.906834329395195,0.192039204614731,0.0607931687641479
"82",0.592574046418529,0.695441429575536,0.549067441911047,0.69527222760047
"83",0.802646130164636,0.633919495571799,0.266644322280586,0.390985927818908
"84",0.618384260616953,0.62015465161497,0.365168692701929,0.277950984663832
"85",0.945357096727171,0.927753347648594,0.465685834332235,0.378717020529971
"86",0.689899193281848,0.748696235989873,0.908499702986003,0.0441616268650565
"87",0.688993940113046,0.361768585142512,0.635662183857535,0.0842944989393103
"88",0.729550906663041,0.281666736013545,0.351644186196076,0.07040545908082
"89",0.833044078482568,0.65335617183884,0.360580530959072,0.47523846932023
"90",0.152911471947684,0.362699350213855,0.783588903465139,0.301659617128757
"91",0.778043843707263,0.5197578509774,0.898916320379324,0.0556461301094337
"92",0.433451017762432,0.499878538671639,0.842984184932086,0.234131892260947
"93",0.843492091846476,0.575537854992118,0.69637841967247,0.0619303386690191
"94",0.322354383902903,0.677252146681696,0.523277863095313,0.155952747310802
"95",0.599872371067663,0.887189145593199,0.0183415981923318,0.252721116448445
"96",0.663414415479769,0.955459752019549,0.482667539468439,0.150781945738316
"97",0.843535537704864,0.716093218227035,0.707129702457843,0.857537944279753
"98",0.259082129435389,0.755566087354972,0.672326766148755,0.124632432429846
"99",0.559192404538655,0.70714641076034,0.897664071272094,0.841243003656113
"100",0.810250678666154,0.498514564935523,0.567560333881822,0.260026383025057
"101",0.245764531264916,0.995231937513274,0.360923034413661,0.282491605621971
"102",0.382247101914561,0.436003437268494,0.274020452306169,0.409799421270403
"103",0.927447244508092,0.485993779201515,0.553432463746547,0.978912868710828
"104",0.895558488546539,0.806235786519041,0.828884906280465,0.318016565126435
"105",0.567066637678599,0.755793158288267,0.51998299438456,0.258725188804332
"106",0.564943032797396,0.852787250893722,0.230805246709906,0.722100446224778
"107",0.72382154600935,0.980314655572866,0.992015457597528,0.22127055851575
"108",0.779017612645923,0.608140589038073,0.229595336445415,0.834955244254928
"109",0.836032383419168,0.550113620512481,0.00629906444051435,0.903947916784122
"110",0.961583818040162,0.835164628331878,0.833098820835091,0.871029154582032
"111",0.890752445670486,0.888286334182385,0.271352496433215,0.715122895894819
"112",0.785273885381285,0.707237440493432,0.573580794159096,0.563002189469975
"113",0.965498739588025,0.345890251098198,0.493888835313169,0.0741973179577421
"114",0.663874826711296,0.654508982766147,0.934079399296121,0.242696309240746
"115",0.571403410339358,0.896639338847077,0.689831093123239,0.024227945813634
"116",0.847167878644136,0.929375773711292,0.382052999869446,0.460234206722033
"117",0.389887537658597,0.27013720646835,0.388729695652058,0.74227006439769
"118",0.822491989009333,0.704793402813288,0.934900495125491,0.717522329475606
"119",0.558067575845286,0.710041256978508,0.521140698851372,0.446738564853838
"120",0.857396761630231,0.920197234292111,0.953412842625254,0.141126603579818
"121",0.911647666030061,0.571123189485716,0.182802818661848,0.0433862786167577
"122",0.0670828715537088,0.430843645949368,0.632087022596262,0.649776291176338
"123",0.267198151921475,0.848124731722342,0.228413481280324,0.0461070173187507
"124",0.45067891148309,0.633560688743788,0.443698329808408,0.796796559450982
"125",0.358146292804977,0.681884946023693,0.886337410011795,0.51233276969491
"126",0.950647418174911,0.685459992832576,0.34657619788331,0.406079837300472
"127",0.770836883661589,0.385444250512039,0.188938281062275,0.704364877413581
"128",0.726406102955301,0.577823269040187,0.195941875565399,0.627593274035902
"129",0.640594653475492,0.547778677461535,0.452483846280493,0.298279797330702
"130",0.74389314531706,0.768273750535961,0.837477160696684,0.0465609139323589
"131",0.754621510452315,0.764103847962378,0.0579408771797961,0.0268858391008578
"132",0.783916033013684,0.98290086286627,0.260509211854858,0.599530730226945
"133",0.38430553771337,0.947500705675371,0.397584939101214,0.690931638173102
"134",0.803452873530921,0.639885200192668,0.0420659481571982,0.523216912785442
"135",0.812457508207559,0.834802130566515,0.705352938813945,0.326312873482018
"136",0.391929254671084,0.551864648563567,0.850526098937196,0.144622264259263
"137",0.494152893817062,0.941217836627351,0.995904832534825,0.490946498728294
"138",0.694753281692482,0.65982513818073,0.722284122926773,0.445037787773296
"139",0.282051990418467,0.996208686691624,0.959799517188275,0.409520801504522
"140",0.311811512649935,0.37571582565806,0.2260376921588,0.0516108818171003
"141",0.498044017623134,0.537635896130812,0.0461357802978775,0.981225276048221
"142",0.598770026366403,0.866157206200114,0.722965081232996,0.591120894662752
"143",0.828470399907921,0.269951893109846,0.326711813982812,0.106949598597653
"144",0.765310454020129,0.921608849551583,0.417229252358667,0.838759940179758
"145",0.991094822499519,0.873686149963495,0.441231558684446,0.940668808984435
"146",0.673900806555642,0.941663662829732,0.392525199369326,0.288228718945826
"147",0.654500476929509,0.581833034664446,0.984150905435045,0.156618239498328
"148",0.341775245929125,0.746518080392074,0.238707675000794,0.682759771680038
"149",0.943669925011966,0.556161962017427,0.676841845632301,0.10696487948972
"150",0.944234203093396,0.691846566013965,0.0716124873004813,0.187681959681767
"151",0.907812449893685,0.653925129027241,0.702872300080139,0.736697412657219
"152",0.934016743443771,0.325588990446233,0.576065144829193,0.0278210906871752
"153",0.502693099903677,0.956741350064803,0.370512135782628,0.380238517929028
"154",0.90251617081497,0.857897008003927,0.493260720868354,0.394945917690426
"155",0.675175797299249,0.96118131920868,0.725616173447416,0.516174589627059
"156",0.992500658503389,0.671115039077797,0.734117796168056,0.51720114312381
"157",0.674278239455344,0.503214166645132,0.469254279489015,0.687206874633705
"158",0.917698571427734,0.818566762667593,0.930778448261837,0.68844307785802
"159",0.543968602800015,0.937618200102982,0.997567017386125,0.31625752252231
"160",0.720295374495578,0.739143193368624,0.295337933632488,0.718006504492368
"161",0.780203211965356,0.921073004684588,0.169212552571688,0.769562013937656
"162",0.871996390570277,0.881118730369121,0.431705867803674,0.44689992966132
"163",0.94334136087009,0.600703744548863,0.90601877200163,0.816746176278883
"164",0.853278565700165,0.565621611828121,0.416678092076144,0.369748742231009
"165",0.701065775831554,0.91377606041927,0.455791725746145,0.258045387635889
"166",0.620770285847037,0.620756889775322,0.699889678138832,0.540870210617735
"167",0.760193744042031,0.523871894238384,0.565656727428669,0.175317140783172
"168",0.750888035817043,0.511104677182941,0.738913145097013,0.803218671193506
"169",0.795137511402453,0.558864769910074,0.911122125544603,0.577611839763414
"170",0.779640771596719,0.850878139768682,0.236115611570625,0.79877475786853
"171",0.663896081241771,0.953452650179348,0.315967062587523,0.16275784749916
"172",0.538354372388571,0.524046488882825,0.515411583594129,0.0264268727086046
"173",0.497479158605534,0.612136622065868,0.332035976463089,0.614093330112637
"174",0.839485119165904,0.282200002744271,0.490953796558743,0.395845179040473
"175",0.323764239299875,0.6605311447412,0.130315204172926,0.247821102618894
"176",0.782354231493641,0.759083606378838,0.317333383424201,0.738803376437098
"177",0.404879594164819,0.7614747972945,0.362406018771048,0.847761643411495
"178",0.845187308774947,0.977975692251999,0.8430876886172,0.164233280626905
"179",0.73314127566444,0.824294736244498,0.238176387491739,0.78052550048484
"180",0.714696664169678,0.874151512051289,0.698421377467926,0.507953759930314
"181",0.495797835381731,0.373131820366788,0.379211516626283,0.806706349172816
"182",0.790366066680307,0.849118492037309,0.704716898106709,0.383275854196625
"183",0.873414339605021,0.502148021252594,0.822973959504194,0.312179635314959
"184",0.870235176948758,0.875709466984323,0.829179841827221,0.583750856365924
"185",0.532218124314845,0.937692635602154,0.677971486582472,0.161576151515956
"186",0.953317044446118,0.791396664384648,0.60205687997492,0.301486349851208
"187",0.843375910843804,0.881961163399151,0.742636884991252,0.986378062835171
"188",0.262109668370244,0.890166543859574,0.437582185377904,0.592879315694284
"189",0.410997434261888,0.901683893686219,0.672179301238485,0.798387252204424
"190",0.967757203987443,0.759259948352844,0.865803502043336,0.400584741016722
"191",0.618608308312789,0.723425178805224,0.433946621953003,0.384249175405887
"192",0.588228907770087,0.776338041326157,0.240370120325904,0.016761151618925
"193",0.670366902870903,0.904729315675936,0.730662987269909,0.536443479596493
"194",0.584006606806625,0.892160245743275,0.397905821307092,0.336847513656029
"195",0.886901780138048,0.913960710111146,0.216801428097067,0.386693960105441
"196",0.812775899663199,0.812344244697023,0.921969831932691,0.349044045692906
"197",0.875733703372737,0.798646777298886,0.387330844803126,0.0295499619774582
"198",0.866888313624847,0.964984761501668,0.122671290240571,0.154164339364146
"199",0.895962696882518,0.582823275046931,0.719720215244713,0.553634651070672
"200",0.505930998150646,0.813682953101263,0.649050940140198,0.876920051047782
"201",0.369361369434053,0.662197785693125,0.692005375651729,0.272545076217426
"202",0.985889768342111,0.904453475037994,0.354757422180814,0.736642813623971
"203",0.832965790393783,0.6717730256793,0.483524159696444,0.59878992361277
"204",0.230117004593617,0.928144519531029,0.458002794007479,0.0852090216597571
"205",0.581525472029119,0.825803974012258,0.0177265239589432,0.0300522043881954
"206",0.982902418096423,0.663638361363628,0.476469550742422,0.315630297728918
"207",0.83310581700471,0.813370085724096,0.915906655076644,0.627960086363336
"208",0.844300157222559,0.319295043338837,0.472882277022467,0.145749940241356
"209",0.700435252555355,0.712753934972276,0.731562071596048,0.832704225786928
"210",0.150725095471493,0.857662688124981,0.487759224533991,0.501336779252997
"211",0.885586299983266,0.738120287005471,0.689600884496068,0.0328329364984908
"212",0.889461654067096,0.907335546045722,0.965723269632774,0.96546647541131
"213",0.768767410113725,0.439113319469725,0.131823170196579,0.546458651233602
"214",0.715955510508591,0.878786840838776,0.307083738996475,0.431515356512124
"215",0.408156123025961,0.667581500188874,0.936693390971622,0.267471091396459
"216",0.52987060500552,0.32033022533171,0.143582338609184,0.60237941591502
"217",0.303556316776229,0.550374209356769,0.717458232829356,0.515220466305302
"218",0.487087778929616,0.760423356555684,0.0915020985888303,0.647048711451402
"219",0.820313237430242,0.362727525043734,0.404759565539233,0.232992372994759
"220",0.490467483042722,0.607493203525294,0.807469954589708,0.23654601274845
"221",0.943140007021923,0.471365303292392,0.160548707025267,0.573452096705904
"222",0.640157560257711,0.60039882716679,0.164757818315171,0.321023328899013
"223",0.538421965008632,0.298319427516241,0.742791924720439,0.805819475285016
"224",0.770540498464402,0.557950748236824,0.223613496604041,0.0632201236316883
"225",0.621908547498772,0.550105778213963,0.252123266330631,0.0679815113618
"226",0.810308722783389,0.788788293194433,0.531204542442804,0.541984798523587
"227",0.981921366236486,0.47783908540266,0.513163744144962,0.102726946508308
"228",0.627168720352884,0.855145380418725,0.173281592458938,0.773133208027629
"229",0.270229788617593,0.913948416899662,0.686209978270399,0.732659914521735
"230",0.648184757434884,0.672267481299949,0.76534776760564,0.383259906013662
"231",0.785828075621103,0.980084123256687,0.627280494780862,0.0828541172418137
"232",0.476279867938505,0.841811683193003,0.642479997007912,0.0356582338038883
"233",0.742223837506453,0.58565275819627,0.265915370630424,0.552000737369836
"234",0.948314661138517,0.93486688672371,0.634542852499075,0.191988475232992
"235",0.997896908222874,0.734096813663329,0.857612642375549,0.119019119233654
"236",0.282362542453402,0.499683107218967,0.77998446652086,0.65967912053976
"237",0.478002714497219,0.788379092244036,0.399819938600156,0.283789375779406
"238",0.947562054809276,0.869209710398097,0.13305474114013,0.998545592019857
"239",0.751799880620084,0.776356182069983,0.353975066874705,0.549485008498779
"240",0.988611904376857,0.459392832384475,0.58790644848961,0.316460890751155
"241",0.847169350933001,0.962996643093564,0.451055032854681,0.717998535758122
"242",0.398223079150611,0.479398226019076,0.559833499272177,0.230581643623491
"243",0.493714556010087,0.877816038988948,0.178278439146743,0.521971325678082
"244",0.117809006841721,0.945481131890594,0.524747970838952,0.157582493616552
"245",0.964649309158213,0.861057281716159,0.717872346326559,0.780262596804157
"246",0.89169489562577,0.759627553193036,0.514783199375963,0.778329218541337
"247",0.846529511504948,0.674304417504653,0.606676442018962,0.314778714107437
"248",0.930160662858237,0.78557772171994,0.143333070865082,0.897918051875114
"249",0.852267223976655,0.616899417595561,0.279713653900729,0.400014299156606
"250",0.81327290997039,0.728561642016629,0.0579578336871487,0.25619805602725
"251",0.444787333227257,0.58866484105288,0.216885383832014,0.921602233071719
"252",0.865747598510682,0.89732016390845,0.0358732197764816,0.116611593962446
"253",0.689583310549527,0.662827356574059,0.609546763442747,0.535113433113797
"254",0.821700538478218,0.941028252399071,0.0532243302340379,0.335083653505742
"255",0.447665048229751,0.992351902613446,0.633508219864207,0.761996246906954
"256",0.944184144400277,0.629523653602331,0.339181043589693,0.779591772230661
"257",0.702735717828951,0.924886531358045,0.573922836674063,0.826548007477423
"258",0.595874647639257,0.302438191813302,0.437209082545316,0.190669109794169
"259",0.335116083266218,0.602305136798082,0.239965052087641,0.264524209923166
"260",0.684508963512354,0.906825884127709,0.343091576961726,0.174257205456786
"261",0.727856576662445,0.932604561689155,0.186056193049536,0.370201781195105
"262",0.834797815811915,0.596633094154595,0.9750238638719,0.532856521652938
"263",0.743414130580498,0.548841704669174,0.00309519395292183,0.678597317119951
"264",0.729454545241325,0.669802977580274,0.164782802014625,0.621918592788029
"265",0.419571990528393,0.497720323474062,0.602010423964084,0.532981612984288
"266",0.759339662248133,0.858117576905216,0.586751455209494,0.354350402632758
"267",0.585452898041507,0.745407936153968,0.810220307883668,0.340255820929045
"268",0.650127764341596,0.876524119939184,0.825892179752659,0.286329407395088
"269",0.703745506658648,0.981955288261055,0.291414771014591,0.21239027282964
"270",0.933106385347663,0.846556968136059,0.405054324768513,0.0493223075122571
"271",0.538028735367186,0.866713613088471,0.39844653325408,0.0440636797580712
"272",0.647169591674468,0.84942391334977,0.162448855174653,0.0166101899926489
"273",0.58073325481232,0.601792167814903,0.492207062683913,0.757259619077744
"274",0.74347967212218,0.708603986980547,0.454330277902758,0.601006625461153
"275",0.846169942049688,0.664322742607576,0.670012528265784,0.209678981416956
"276",0.655673365128417,0.863406120795314,0.25533714008593,0.386862628491873
"277",0.885962420596447,0.434904880686091,0.051495555545447,0.0810306005648087
"278",0.851532493968435,0.918239536499622,0.248202486674149,0.353594390156832
"279",0.510061390721905,0.562823943392035,0.808164582870694,0.243178892787315
"280",0.994282647996552,0.738351747076481,0.0929220975073657,0.901659104284986
"281",0.877917574721113,0.652564298784859,0.809385446905138,0.203691444813934
"282",0.745936840952238,0.604432520412746,0.997529029069805,0.257028765427452
"283",0.972441158885333,0.931699618616864,0.698293831208749,0.0599816942090355
"284",0.760251430873913,0.911047874355676,0.930546522517327,0.0410596261272903
"285",0.392736473512505,0.884412104410469,0.546210786538917,0.613893532234413
"286",0.968175886665742,0.747558961592857,0.448698946299239,0.715480439254545
"287",0.636588266627248,0.651579606144104,0.00448997277118699,0.732585024097362
"288",0.32862072142649,0.840124310354281,0.575744300187353,0.873596487922907
"289",0.218362745044951,0.860315154861151,0.283490271525751,0.435539245456297
"290",0.874935944127215,0.983464057769817,0.863092367918394,0.494987827013657
"291",0.855740214744031,0.8822942266426,0.121525927892923,0.69557833899271
"292",0.555792140721686,0.971052514785538,0.565118578610051,0.992879963426022
"293",0.936519444592725,0.785464294294708,0.200587238522689,0.587957255953675
"294",0.480600222755682,0.671537730117643,0.828183711287403,0.0952687614863284
"295",0.830913419637837,0.962026071366213,0.855039837235193,0.716434276342956
"296",0.754918807179537,0.815673752358042,0.315273405687608,0.179283516791243
"297",0.968146419830573,0.860310603892814,0.327507148704297,0.275447513287929
"298",0.261792197795097,0.471428664868909,0.0726440662331634,0.872101182161939
"299",0.997327625363095,0.753728556334934,0.313825420971727,0.386584572903001
"300",0.904670492695337,0.755957372578906,0.927415063762647,0.793728984777231
"301",0.624076581594454,0.689786058898562,0.0105649753524768,0.46940159253685
"302",0.756512160419271,0.755631906699268,0.690785060210854,0.916053502819099
"303",0.892897513862553,0.687165920872078,0.592043817403844,0.428536868628566
"304",0.355299239755938,0.726127416909186,0.271877941462926,0.462242392122162
"305",0.802122880014431,0.630987260495769,0.124809483313865,0.301779914383008
"306",0.94502275140108,0.813978737309722,0.0365296202355206,0.628507748042382
"307",0.808612855237479,0.744091796635423,0.475518318569051,0.375932210987814
"308",0.336059211059231,0.851018691847601,0.474954687120144,0.3719997809522
"309",0.808388419986101,0.59135863724835,0.20677090642716,0.658375406273181
"310",0.782839909357178,0.73510268331943,0.529435602928824,0.115001733883206
"311",0.982803987969365,0.813948719377425,0.595400835045687,0.194091474960061
"312",0.373862455767167,0.604633514534079,0.896336645052743,0.627125413461457
"313",0.940913273247652,0.994897087167105,0.107121770508171,0.431231674771847
"314",0.522411900565217,0.308386573743015,0.272753389560734,0.981112985801291
"315",0.593614226104925,0.849200992363274,0.360259698063973,0.467245879340945
"316",0.547111066984583,0.746677455822022,0.850278195771936,0.828262158893668
"317",0.747129566626427,0.809448926424306,0.509699974944594,0.652167842498842
"318",0.449080156549797,0.850404798252761,0.956860329440064,0.715558838134797
"319",0.680166524583413,0.792708090636704,0.953055170105214,0.529415550941845
"320",0.662730492247022,0.832118348424777,0.940759951451185,0.752276487285846
"321",0.811714768566214,0.795246711825985,0.502858593408766,0.511108734041796
"322",0.731577696918946,0.510772878280299,0.208612353232389,0.963001063706973
"323",0.829694332012221,0.686417356733893,0.23820002522011,0.773680043772352
"324",0.660038374104852,0.865790728365329,0.385745428482688,0.233196529284297
"325",0.603362342216704,0.375300769999866,0.600648232456039,0.411752947973416
"326",0.468672751555591,0.200517767779349,0.462090447081894,0.421874041051819
"327",0.930745377956531,0.691589948773569,0.826456516997415,0.656661909080285
"328",0.858600351827064,0.80110222131955,0.976143679251335,0.616843615899154
"329",0.520686323790521,0.701453098234269,0.063207786488789,0.893573325482955
"330",0.8491536827034,0.907665967559817,0.756876407108121,0.883257121226191
"331",0.864432671992368,0.595369925586644,0.701169227910443,0.154083101182383
"332",0.740800711093895,0.766311812083015,0.205040198867241,0.291911344262242
"333",0.306114750903847,0.785301531398246,0.772676456062505,0.442684233683007
"334",0.857173106660017,0.645005221085891,0.986389787400854,0.542462439235241
"335",0.835797665331927,0.655149744769108,0.00869284021602042,0.79809479116025
"336",0.731430851519606,0.860625928882832,0.193116538743931,0.539922213503441
"337",0.332737488080841,0.501629280635884,0.561547592453475,0.997088255393723
"338",0.224229562071146,0.347178770002527,0.609810959772886,0.618447735806626
"339",0.806482561796428,0.786975215417498,0.383802668529033,0.19810641013049
"340",0.86223010216859,0.677789250149021,0.0933904109884697,0.384057066590045
"341",0.566010939913462,0.670576039780192,0.243308891804247,0.0201756671860549
"342",0.660878366613177,0.426937616758126,0.935834736494252,0.0796747214170221
"343",0.538537200254664,0.642069854957436,0.523882976105156,0.927833268464774
"344",0.888178984211522,0.20650652974443,0.802842304686408,0.718266285755184
"345",0.762419014423468,0.796245239477024,0.459070792660635,0.543595221414356
"346",0.935477027680988,0.900800333229068,0.162352421583543,0.905815989201292
"347",0.898782518911115,0.860296949744047,0.528771276585755,0.905888536926532
"348",0.890847815703731,0.898820705801841,0.95453983435002,0.862135980429332
"349",0.772631943779627,0.344917198908074,0.944746618459981,0.949242108271411
"350",0.442553169273392,0.683457300721019,0.2712169042846,0.378960221662007
"351",0.960727016364078,0.937340153250515,0.363110717491916,0.147714216867695
"352",0.617228670543221,0.934903591148261,0.896517531772138,0.605832802663337
"353",0.980204581461827,0.937876525600344,0.647368739647955,0.550523693153979
"354",0.506747240126838,0.962243977070832,0.567735029446976,0.659357709987801
"355",0.822258412228823,0.767239488672664,0.428896852722426,0.345243408052487
"356",0.668739891383176,0.713779343841566,0.362286742031739,0.152059483452111
"357",0.347986705569444,0.715174758447774,0.223745335229325,0.784194677459571
"358",0.67962557417392,0.712422532708053,0.690413768881686,0.0736925042232106
"359",0.932828164350724,0.983596625850729,0.160464798744497,0.670636028108896
"360",0.466963671511705,0.928755310561699,0.96803158097466,0.466381839477268
"361",0.707202276919269,0.910554527188623,0.68978715744869,0.399804057808
"362",0.899968628988831,0.989981917618444,0.728492158612565,0.480748631335826
"363",0.806645178432475,0.548277902499399,0.0807865365002497,0.0989267794028243
"364",0.835294275700557,0.912551107065882,0.903469985593141,0.719311138823949
"365",0.537674100164073,0.654050844244268,0.576321208518353,0.605063124247877
"366",0.655365444751824,0.579347815653158,0.105349156136749,0.665819614835917
"367",0.64895522780328,0.818314238125721,0.669347381599419,0.520365624016161
"368",0.631062153468182,0.889697131507236,0.585462146888521,0.515245692607632
"369",0.734643657265094,0.87063085594989,0.120336328481355,0.90890180634856
"370",0.782777884957291,0.83491988147105,0.610581472542586,0.839284121105957
"371",0.595232190665929,0.3900790508863,0.330363410464765,0.0635231312682336
"372",0.894458140096288,0.669770944989719,0.20980970875827,0.023844898527881
"373",0.565820083881605,0.816528231578182,0.0478104170058415,0.809659326809972
"374",0.807254003148607,0.722535906888152,0.223951905744782,0.407800164077209
"375",0.827552075457081,0.960421738791935,0.481826413533128,0.63762221717362
"376",0.867296368969942,0.936799714004319,0.0616297352122098,0.933103301281207
"377",0.86920691152646,0.572415383319714,0.674553958006691,0.676012425402215
"378",0.534606148952315,0.946998720324227,0.0876556708341719,0.612336734364236
"379",0.782430595250845,0.521719707335006,0.159202426840874,0.72502224302836
"380",0.637316904559508,0.983428984134172,0.912183103553902,0.881779492465531
"381",0.218186755661225,0.588984435786287,0.225496397896953,0.963728756683075
"382",0.694979451407252,0.675123503106231,0.151484231335897,0.783428646638031
"383",0.841234982006589,0.834637284892016,0.665662504291658,0.663858719645815
"384",0.591321744159085,0.947411093189917,0.499925364944448,0.593571969525609
"385",0.930387789663294,0.352152428494959,0.63242442346333,0.589839675821115
"386",0.910086212839659,0.841738710517768,0.150985468953569,0.391656013862612
"387",0.398830726166008,0.538103861350449,0.294221028846514,0.86367529360873
"388",0.886928707530325,0.802028975298003,0.900629155514871,0.783386625215192
"389",0.551225405664142,0.922373383926791,0.208377975726032,0.483210503657089
"390",0.592760491199212,0.577797712130161,0.212189017762951,0.354521661004148
"391",0.784815354631437,0.945702717399811,0.659476108344194,0.35181783671153
"392",0.971268005470473,0.594672089637249,0.426378374492097,0.0384147276068101
"393",0.386781382894754,0.392342084353968,0.393419926974705,0.740040686295443
"394",0.688649616288317,0.901612099555972,0.355869211626447,0.65849718406547
"395",0.333237831228004,0.932859046789541,0.582386942267719,0.187010051597621
"396",0.558947839732,0.926687920383579,0.101526670313574,0.722731249406054
"397",0.517851180509043,0.424659321329075,0.846491241939221,0.550082362251535
"398",0.916851934384134,0.557489018073734,0.241945536088789,0.418657852218883
"399",0.558601770074505,0.603899238725608,0.620905027782502,0.350422566316394
"400",0.780265023482873,0.876627974201306,0.448195500020854,0.133324487423139
"401",0.910769854848788,0.925302428165761,0.635810555362786,0.268055644547407
"402",0.805410725621529,0.922847819633804,0.879402521989471,0.147183044116678
"403",0.567066379966673,0.574590227189327,0.917222393995736,0.123108733006693
"404",0.570470305061798,0.836902003532015,0.781821491803104,0.722668917287708
"405",0.278620893395858,0.894007053241995,0.649060208903806,0.165896555421521
"406",0.559641759396058,0.871050665482017,0.227811900324984,0.957427447715857
"407",0.424156564120526,0.593735110121977,0.638532702134117,0.136125876045084
"408",0.331194655826259,0.959812499272885,0.40740991365545,0.262511716293305
"409",0.765928288949168,0.870841503975621,0.0920414483993035,0.612941060211308
"410",0.66338521967476,0.998704328875901,0.828353841852806,0.298080320900866
"411",0.695346949453062,0.919151761160644,0.858433331720007,0.348222274704469
"412",0.564509397176877,0.831228159177332,0.459713219531949,0.973400543075858
"413",0.272196833925789,0.836408325963097,0.159839497308114,0.624828389438719
"414",0.949011894265478,0.556889543229248,0.264770702430866,0.81781916539129
"415",0.842540047630882,0.970342570894608,0.0112420450079169,0.22840903966912
"416",0.689463643189771,0.730556844272239,0.834623564422281,0.694471564504669
"417",0.946852735102239,0.807275114804411,0.505946167918708,0.19519980149563
"418",0.918409756893452,0.253975765308159,0.0992915742254746,0.110042603872998
"419",0.941842097654036,0.707697392848404,0.133757695035447,0.555663606340312
"420",0.468199922429472,0.933303304240502,0.396929570561246,0.356617942370513
"421",0.889887928277296,0.8038266690832,0.528541205629804,0.692067501694644
"422",0.992123125389921,0.685718977211366,0.389225554565608,0.306881696627127
"423",0.834467079264345,0.626117309674084,0.151489269642521,0.305888340791305
"424",0.503162942962544,0.748703876477644,0.403218555434498,0.86215612860412
"425",0.645035684526527,0.585440049117385,0.785585042935907,0.646298315614277
"426",0.989097888255659,0.732039657930273,0.31279654515949,0.551158134029917
"427",0.48918746489239,0.463223393861974,0.218445045160776,0.92843131307656
"428",0.84535053971326,0.311492398530621,0.577702619488674,0.121607011744815
"429",0.770908016234832,0.8794419613125,0.802152928192202,0.131416811375823
"430",0.921357289606045,0.787575504016961,0.195243544382547,0.470898063733318
"431",0.887807122889758,0.824677087921576,0.974581199458328,0.485537548468236
"432",0.85152835446347,0.565054916482354,0.602474025878838,0.527705960738508
"433",0.695181860827145,0.575711502657526,0.227798533777193,0.162437849629125
"434",0.985208037178271,0.716110719110334,0.944749690534404,0.393057158067389
"435",0.796010432319802,0.709725007148571,0.387008941729534,0.851208420712554
"436",0.701653976909859,0.855849533411528,0.906275850411222,0.813361477551753
"437",0.149354042550782,0.997893763995658,0.580320169915749,0.257049512983779
"438",0.740880768730918,0.378113183290632,0.822544037343775,0.743388273508934
"439",0.803044111276996,0.78237682112292,0.661087956188185,0.607859109960584
"440",0.803728144740667,0.885909539021809,0.34446623942355,0.736020487864287
"441",0.943409393792394,0.676671962450801,0.617391198190587,0.745011264226017
"442",0.565695538962537,0.765390113352064,0.442647681420608,0.112415591807716
"443",0.709757144544254,0.672431527652273,0.919770709338646,0.152192300436208
"444",0.758915425359982,0.744360917924938,0.320458711863774,0.652739523797006
"445",0.613328346549398,0.597558468671585,0.507256122466628,0.573636599878621
"446",0.628475763656401,0.959779296608283,0.144813024554297,0.415579806180466
"447",0.641388464172783,0.746113029377718,0.915158467238223,0.862344102693337
"448",0.748214823392017,0.222053623842201,0.989660940487159,0.859856262650539
"449",0.588220402598751,0.924507056694498,0.681785207419537,0.711728806780927
"450",0.636612059932379,0.466254385766926,0.79684109443622,0.508879831986013
"451",0.465707748725224,0.60359318131271,0.473743438389643,0.573518894520449
"452",0.832725834837185,0.718838191952758,0.12692458174027,0.887598791914655
"453",0.857267632465674,0.832786748368667,0.328528801004632,0.503638472584775
"454",0.763052539378076,0.410868583844087,0.767708074452024,0.660255922846621
"455",0.228410560834497,0.724487431646166,0.622207111849065,0.335190977651696
"456",0.954430896649374,0.63283057500518,0.566949360222686,0.621418593329205
"457",0.746932607336195,0.716306321717905,0.394935443990584,0.773026107358865
"458",0.767141195362476,0.840504174441106,0.365195705494515,0.936138825415629
"459",0.785227441386767,0.670606893073584,0.567426078436799,0.747202866722779
"460",0.598454093900075,0.768215900890804,0.0357734043591609,0.940147830404519
"461",0.816200612740527,0.541034762470926,0.279743926862577,0.433597939870901
"462",0.383606883193935,0.744999238953518,0.0890582816986361,0.816734526789484
"463",0.670147579024986,0.807828055366567,0.0775898412085732,0.542420960633117
"464",0.570571574356071,0.479372992057474,0.889719113978053,0.869621048605097
"465",0.745535637635672,0.9587776802371,0.284406591305755,0.863316825144778
"466",0.794404358424632,0.661549802638307,0.135904410327138,0.568860261207723
"467",0.314321964581417,0.793101641235545,0.982118507394843,0.40093587602212
"468",0.432330394955243,0.969613253792794,0.275105968016216,0.42852402812676
"469",0.480486832357641,0.980110981326332,0.343251480227031,0.567318930492246
"470",0.603147314643086,0.630685010860015,0.660274780337283,0.273640707069055
"471",0.30116248855302,0.72458259734294,0.791685037268959,0.969163301532577
"472",0.586424320307613,0.594609906357539,0.643409058221326,0.322119055988027
"473",0.362411518969976,0.951225388532778,0.522680321256449,0.365642432153061
"474",0.523103757070627,0.665165774375791,0.905456789293709,0.56300857445455
"475",0.718182596779201,0.797499940360218,0.96123150368549,0.280110389809911
"476",0.977353146492973,0.922763111357388,0.812048630107719,0.0433403375960887
"477",0.703397900760037,0.825450497237109,0.886110509997688,0.958184945343506
"478",0.934153866893048,0.58571772190925,0.376391159580864,0.580742208201876
"479",0.923006720963655,0.549791387278125,0.135674728435711,0.567534220544338
"480",0.544100628676481,0.521180778334741,0.502740441444158,0.205819031060663
"481",0.934250033024432,0.54892144051943,0.123423053383094,0.827587672081218
"482",0.69661207292555,0.322373071482726,0.76763128878811,0.603947128148733
"483",0.960454053323541,0.631438711925747,0.191840080503511,0.943853006690429
"484",0.557974284097338,0.956910579961086,0.091213465386456,0.00900699773674271
"485",0.939055447279098,0.713163613884737,0.763484764497581,0.654509438796546
"486",0.608921948796471,0.802861750841253,0.892131215510802,0.172176295438991
"487",0.317301597865624,0.596120410818888,0.537446362949907,0.806614069273442
"488",0.885718561318745,0.82778246616049,0.0729881719578336,0.546178870259158
"489",0.636604486928056,0.516142760419704,0.734670708240661,0.543119293780454
"490",0.764278290307761,0.906358859803357,0.260169648330457,0.924898120977993
"491",0.84106873286465,0.904379360051681,0.809862382448563,0.869239480052797
"492",0.924804217838339,0.795064214586881,0.461950207270721,0.885726899815448
"493",0.934590964727071,0.508158119583445,0.968153238514947,0.989866083374697
"494",0.800085427404891,0.494817263054605,0.686840918433749,0.0946084333020859
"495",0.466344346423212,0.695627123972171,0.531019541495192,0.0970217624310167
"496",0.876358709133588,0.74725415506723,0.363227614641279,0.513172294000069
"497",0.660211022359343,0.581711879506045,0.189388351197481,0.875009450203797
"498",0.852576209220411,0.298059314816269,0.94761131624381,0.0676185531248045
"499",0.22111638482029,0.306175443735901,0.120598885045346,0.25480351806014
"500",0.4482471726708,0.851219060890734,0.707469604302562,0.41778771738884
"501",0.572878005411674,0.968995829387601,0.913897024409002,0.879749347920885
"502",0.978214498159176,0.865600283454201,0.0238181541304083,0.701331469048837
"503",0.692159113311205,0.483019355902463,0.668670356228822,0.776172970253965
"504",0.725674407536847,0.360747115168477,0.894454634431876,0.592877086073188
"505",0.985900557448725,0.876936029634785,0.441633823480237,0.314251332945
"506",0.730173706417614,0.333111647753373,0.693740568516198,0.32155368632983
"507",0.945182776375799,0.625229991150731,0.375355751671623,0.123409927305291
"508",0.37800956217009,0.264705980651091,0.220560597314284,0.334289812845589
"509",0.984769498251691,0.500860270133513,0.958558826154575,0.255068425692374
"510",0.790623925624078,0.839748682202903,0.948924431995891,0.43366075950343
"511",0.544492480980012,0.854603648183177,0.869347790812478,0.0838029320359889
"512",0.481253743271153,0.784745124905229,0.575719544782267,0.0871924335274877
"513",0.684746340302721,0.957714771348849,0.212485469687566,0.655864492274819
"514",0.77157591907209,0.958774879276974,0.163400112898137,0.69397436955861
"515",0.869012797233017,0.872229669605445,0.515429558945529,0.320575489702851
"516",0.834410364647168,0.494060787416915,0.22256697107856,0.716751580929379
"517",0.782408265956073,0.337415839101558,0.123181045898417,0.587690014391213
"518",0.615351582991684,0.735329620252629,0.0738143749392192,0.741711276188465
"519",0.315780071681733,0.782086715669627,0.0444035589504617,0.686239716052801
"520",0.809953134557087,0.568116880447083,0.740403273096228,0.33480726186583
"521",0.940475570426552,0.453106385084678,0.694861766291756,0.0451081191622177
"522",0.994566420748034,0.856167149401194,0.320867034475235,0.130144211660213
"523",0.955641929919491,0.765276323932597,0.628685661425457,0.264352501570995
"524",0.950174956238048,0.690495960757282,0.514007362590306,0.964489695716657
"525",0.774380677844671,0.877316308629856,0.662335965212795,0.191147054070625
"526",0.668843091776424,0.524656927161129,0.179498744184719,0.518782643563449
"527",0.503040255241088,0.780482333853948,0.646323081303359,0.804715054679475
"528",0.520115944495433,0.824940744776311,0.090216845267144,0.735265093519864
"529",0.853095688920018,0.755533431139326,0.599322005174141,0.336152832432599
"530",0.994788137416595,0.94971613830377,0.111078558157656,0.870154135666757
"531",0.84741379655333,0.694871576887628,0.338811820721197,0.708147002793116
"532",0.555271794737457,0.95711018701519,0.826183109938499,0.198597011458645
"533",0.813007750313847,0.703724038009355,0.744661498893219,0.643830478025
"534",0.557386735492006,0.75117949790759,0.764695194258515,0.324804787727615
"535",0.351999617356242,0.902280789234581,0.968896327884355,0.628214851097938
"536",0.422135274249671,0.912199396348406,0.0944444038932781,0.994935123425648
"537",0.740757347405202,0.8123642745507,0.305173156284145,0.194200611384112
"538",0.509593391620804,0.467067212442561,0.974806989683858,0.97709852794282
"539",0.374437547561788,0.780403547862744,0.861506336694485,0.660380864171019
"540",0.926374321670759,0.708031236783166,0.203127881968478,0.721952279905132
"541",0.33960497276555,0.837331888445564,0.759580773141596,0.183399388382269
"542",0.491931400739969,0.630559770158008,0.798119896242049,0.777064225342243
"543",0.710869893713113,0.702213320448762,0.986734412242777,0.352381156650976
"544",0.866637071209284,0.410688855707792,0.537500120033335,0.999916502599764
"545",0.526771807682422,0.641394621563002,0.940464338865558,0.306019529620466
"546",0.574660554091625,0.828577512295462,0.222884175995853,0.455539231374716
"547",0.878715897851006,0.762100443725904,0.366357683494947,0.466866060977964
"548",0.819026199670453,0.989171401904946,0.740298730813435,0.642038554859992
"549",0.681493991527332,0.462603032866869,0.988751773827308,0.518606221049525
"550",0.427338848969932,0.935402425981578,0.176377345336976,0.50204312110635
"551",0.234674691714819,0.584081229625351,0.0589663558931844,0.00903074194576919
"552",0.779063086114731,0.637493605132605,0.806480192814941,0.087065463360329
"553",0.702757391200229,0.453305919770009,0.569245039759087,0.368544168570418
"554",0.76209692092421,0.792598491037095,0.46657784618134,0.129655702535714
"555",0.88749775801051,0.285915955393042,0.255864854432744,0.737039894689076
"556",0.62627943072908,0.784135348260923,0.316319032882814,0.213156301069847
"557",0.406208529822848,0.779312568601337,0.245313546771363,0.532782903709398
"558",0.571703125546133,0.648163265251958,0.842324774066763,0.169332100496629
"559",0.786440050511565,0.957322627802499,0.548832598922469,0.10000664576428
"560",0.732922790178886,0.960566370874931,0.535425316026131,0.11141648257052
"561",0.655906973019641,0.888283425194713,0.00490796915131615,0.554815571387052
"562",0.705649031074562,0.693622578655777,0.544282912408808,0.881321853210915
"563",0.567548219784847,0.977640064475073,0.313769289137337,0.269675821990096
"564",0.777690195339954,0.17291821195261,0.421740032571123,0.916546335751586
"565",0.959913303285088,0.231525942207319,0.280073262607585,0.434104806990196
"566",0.806588619837002,0.701006703013351,0.639353660636473,0.448874333787265
"567",0.93357616032028,0.940394580811849,0.753448557607842,0.0973524836778545
"568",0.817694215292241,0.639452093911888,0.13850669486165,0.310652849454003
"569",0.629727738852129,0.63973515498013,0.660354722145747,0.80204956642081
"570",0.527333255915713,0.967881447003297,0.302872307774175,0.50578298715093
"571",0.806779647866225,0.636545628072961,0.794384636631376,0.834539738033018
"572",0.257486630718692,0.787340298552749,0.764422961113088,0.705822313971291
"573",0.560377687619251,0.559968590378438,0.264067790099445,0.551553264047663
"574",0.924971228882337,0.373062483814983,0.227121105094784,0.164054243261207
"575",0.786211032662624,0.961999467303139,0.108650768597555,0.424968403465297
"576",0.773740631992484,0.802747266155189,0.155527457681002,0.55159732410534
"577",0.643419674515036,0.33400065627233,0.996933279105256,0.160663226662413
"578",0.594812984799845,0.384124423013309,0.611456539271901,0.471560575168103
"579",0.765597565346256,0.733364753587003,0.281489299061982,0.529787479489233
"580",0.934638614159028,0.992131532655703,0.814231540299712,0.94201184972946
"581",0.659415768921305,0.95297112149271,0.522252478285315,0.178125835392109
"582",0.449167977608275,0.831017250181199,0.0263145252888698,0.414983717309949
"583",0.477853277434425,0.887929172281474,0.609612104227526,0.308933113835853
"584",0.673781845071505,0.523101723053993,0.47649231828219,0.344746765155526
"585",0.610791279391315,0.962058134336272,0.0616931334842605,0.343343842197562
"586",0.35623728781151,0.847592425154326,0.736549528710551,0.547783586074701
"587",0.561918475459059,0.744445838919056,0.931659948251284,0.147814662019854
"588",0.981250758087753,0.588279499330995,0.0150731985744172,0.796858807157037
"589",0.902207147198937,0.419066871013757,0.163165327902335,0.331767384082293
"590",0.608318331568211,0.550717166923152,0.3108167174066,0.512958214413905
"591",0.981119443458808,0.682077538767028,0.190238777010818,0.345051209063766
"592",0.61506685533802,0.994716151606865,0.0465859002028399,0.943265775661883
"593",0.734640014288068,0.378697186938876,0.551089823824841,0.132709047453017
"594",0.613534318864811,0.817794403609765,0.314898921593028,0.315095011737898
"595",0.676467994815841,0.795073313695067,0.788445662766183,0.908808758624848
"596",0.898807792301684,0.593416188264735,0.759599387408743,0.923819456944297
"597",0.938422734060559,0.726046915819527,0.278907346816262,0.18683262980357
"598",0.208686895999758,0.430506724347055,0.934662222907835,0.209155043601941
"599",0.944948837001898,0.875462256179983,0.268145100713139,0.394087778771896
"600",0.885378168043152,0.660034464624467,0.822827792580327,0.377136087265111
"601",0.664549607472127,0.27708298154376,0.418982191079475,0.101783468329786
"602",0.423477705875766,0.476906433704302,0.934676482175386,0.780080738786612
"603",0.896109368910327,0.710536975436048,0.234483981176177,0.597618435075803
"604",0.891933568376771,0.752586787664739,0.526940739239046,0.758995999028287
"605",0.780872269516411,0.777007889003301,0.955657630451579,0.822723088670925
"606",0.973681862162784,0.940566141441688,0.879421269839916,0.225992959668158
"607",0.735157764651131,0.548922507680176,0.219355352477842,0.351072148123995
"608",0.695899327177678,0.718974056641271,0.659394764609794,0.33983358535415
"609",0.657655678856111,0.736625868628478,0.105811747971463,0.971889191681209
"610",0.73710509477791,0.49852094876137,0.483172508133891,0.964734526396125
"611",0.542244494425009,0.395386827062315,0.889594948552836,0.607280662405417
"612",0.854129545279148,0.994047618731396,0.547107519946337,0.503447344474186
"613",0.565072487157116,0.7108296471173,0.307556440752524,0.474749393101907
"614",0.95854242719412,0.949596105516977,0.459825132210568,0.381926712258557
"615",0.403150240060652,0.855653903519001,0.635452188681205,0.0763671940323724
"616",0.775287767904555,0.50002710450617,0.740484775731114,0.892618529162629
"617",0.888431317682963,0.687750150876624,0.529260374570247,0.388503589764194
"618",0.836261965950382,0.873529478457913,0.597093532934188,0.205923720816409
"619",0.699844743715669,0.56885810215283,0.478602313213529,0.703689475060717
"620",0.709250517253672,0.451415567649923,0.0240119719000302,0.878039572347483
"621",0.867956115470897,0.449070705141028,0.306011750319575,0.342498791568784
"622",0.204270355676698,0.72830437499947,0.657118460370299,0.518556569434501
"623",0.944609359610719,0.370148162537552,0.394126934768659,0.494887381663699
"624",0.441079858247507,0.905302947705585,0.737660401024233,0.324639599236721
"625",0.369583992504422,0.705469581575047,0.655915330357119,0.583014854303544
"626",0.697896101469612,0.943086309630464,0.207933495786886,0.897603468245774
"627",0.674135080586383,0.724026423530218,0.0968992620963706,0.586202714151738
"628",0.651594747173782,0.742476214847457,0.772717485225711,0.805304633352478
"629",0.720788312308502,0.458805646188195,0.205790587656158,0.296367168026376
"630",0.851489090988371,0.929994395411671,0.869825148892681,0.799745393525653
"631",0.493644970947661,0.964080359921327,0.371717199353939,0.328692902192726
"632",0.683357466638877,0.788977753938235,0.934161123447869,0.124669813554628
"633",0.892280280265956,0.590485041950518,0.788164006067635,0.0829151629527219
"634",0.995757367240382,0.457190332442275,0.38027776213181,0.412537439365689
"635",0.545027744333402,0.891526960344495,0.256200680626172,0.346891285405175
"636",0.806246023469987,0.516915412049552,0.815246211046594,0.851740932051287
"637",0.868337711066608,0.586058579595964,0.609889923481124,0.0202906855581532
"638",0.913792262732332,0.478025536976334,0.512137856546258,0.985727474079313
"639",0.712635962415945,0.425068070156232,0.362155372598156,0.729916059233372
"640",0.447774958892333,0.539281045833345,0.810835700463287,0.591110218077581
"641",0.954192231028054,0.588469035433562,0.426926940743763,0.510264709197456
"642",0.856082214535896,0.380868361244673,0.791449092667846,0.59813636015583
"643",0.843491114376684,0.649790804903124,0.458040384622536,0.562569963750602
"644",0.728152686841591,0.963100676429893,0.545203061543791,0.0912139794844476
"645",0.849478843386025,0.756275217535707,0.584172119984299,0.550646536310066
"646",0.545103983108711,0.566884881933511,0.875564644196382,0.137461776181865
"647",0.454210849953899,0.975815980195061,0.153448962622807,0.910227161717737
"648",0.408247855188867,0.637812530758564,0.153514279398901,0.537711629492835
"649",0.906410896375994,0.926090929180459,0.650021992411732,0.421223502927407
"650",0.659961418797748,0.44684637020068,0.0680226740210557,0.374688176841917
"651",0.585760246377193,0.964460391300791,0.370385371551501,0.987008208839993
"652",0.231828036177967,0.722269524778408,0.807642542058839,0.992041233131326
"653",0.481605307603481,0.832664702203139,0.975634593406211,0.819671260933865
"654",0.870865775427276,0.415551656497199,0.179752195252877,0.339978425945952
"655",0.565920378984606,0.452666658609494,0.845413240622631,0.568604142434007
"656",0.375623542191816,0.895883518321362,0.621692686096623,0.337984635334067
"657",0.3419551821965,0.949400675956247,0.423265681364537,0.400902253196281
"658",0.618127990048224,0.743916204523373,0.314733467291193,0.423639389839457
"659",0.612981439233027,0.935324342660645,0.809576397180858,0.624407188404634
"660",0.861801278253737,0.642923748023341,0.653513365649944,0.664916288765945
"661",0.981120524157671,0.973113345761573,0.680360956892285,0.451441465292788
"662",0.65750062529459,0.938771883065983,0.121312720795968,0.413170630575457
"663",0.915885764450973,0.557651680542547,0.0548407303582537,0.0643249554451879
"664",0.619299015530114,0.468722369980713,0.63261299934118,0.709980043468687
"665",0.390719504955913,0.964335338196061,0.733459337279035,0.151543715517552
"666",0.849479995419189,0.878008493494008,0.159312254418986,0.721736399052288
"667",0.920581994666952,0.944102131004182,0.850229998420698,0.963787620449703
"668",0.514580292368212,0.366237885587023,0.263014784566345,0.740389651500924
"669",0.440527352026117,0.996591839340005,0.170730450222492,0.531513898278287
"670",0.542734401788527,0.478339101251236,0.978080798892984,0.798862480307679
"671",0.570852095088537,0.836195864249818,0.338843022305351,0.604946009200963
"672",0.640110840526501,0.743682844747111,0.962643143817236,0.981987519054669
"673",0.401240836603611,0.89225952283987,0.393207597002742,0.404437946367636
"674",0.830707339439039,0.56821045181871,0.708171568415769,0.696883190639364
"675",0.887170059007085,0.896066926834203,0.230984243572705,0.808856246321382
"676",0.500021706788483,0.823856473065107,0.113052458076293,0.703919864071818
"677",0.63557304920569,0.851879229930501,0.804068916728818,0.69286531961811
"678",0.964710252972086,0.67781129037167,0.655439468076824,0.445552766949234
"679",0.599517272157746,0.727551246373523,0.378033672866616,0.531258115366456
"680",0.745197663034849,0.515273553052108,0.899077681086505,0.999833364114196
"681",0.326482207925512,0.76677959970022,0.407359289995565,0.417442322307556
"682",0.721642650655868,0.870235025211347,0.225228608819412,0.471226249880762
"683",0.891428110339823,0.954484144679431,0.0704949130905935,0.891413790684856
"684",0.594826863425792,0.805202422184217,0.297852245651915,0.664221770167867
"685",0.750834081142739,0.47528048807616,0.524656622950501,0.529233051540014
"686",0.79349398035341,0.630507859632547,0.0217913740652898,0.843242332978681
"687",0.529681098582629,0.337992482656305,0.263001133829886,0.996219961362525
"688",0.574190951375115,0.463055492056915,0.621935830257333,0.682144088209545
"689",0.468607659347021,0.981465229398974,0.777467197325521,0.587305596835017
"690",0.263182601824732,0.447476342596642,0.0621833178705375,0.623709445839936
"691",0.637490434185822,0.655011971944304,0.956615720638531,0.457261783727388
"692",0.775828941390189,0.849968188273051,0.690515397227599,0.420299802646109
"693",0.996368906546455,0.921280968842506,0.880307047738474,0.379927996924033
"694",0.805311602741146,0.586175726040912,0.575956197207153,0.876644079009932
"695",0.503595956805776,0.893945571991192,0.30892233233281,0.46318227949761
"696",0.769730381850432,0.476936276006692,0.810667697458928,0.925546338369422
"697",0.797413018174464,0.602791142804739,0.227257703929022,0.574688050477163
"698",0.532862299363344,0.824925353599561,0.05639346024166,0.218246191236063
"699",0.538793629932782,0.704174898763471,0.300354049449219,0.431903556035186
"700",0.782901194046317,0.904333555029955,0.278608207782908,0.192469518947549
"701",0.235656680711698,0.953279284525259,0.176557067773837,0.399046366249523
"702",0.993134813396353,0.506188227450655,0.430967976810261,0.116000181150177
"703",0.873703349310746,0.848983295247647,0.285160936617268,0.1977392873923
"704",0.948505187885917,0.825486723033069,0.670389360599939,0.395775905899674
"705",0.625780637996853,0.448694222921361,0.685474038504097,0.122396332421552
"706",0.829944842744137,0.57438832682383,0.974181833846678,0.654895643672236
"707",0.738972114321285,0.60373640684471,0.59860429889112,0.507061736570978
"708",0.780194064769897,0.761176689748573,0.814286559565509,0.0958427472896718
"709",0.390667787385856,0.996944275085763,0.40713585077994,0.460523865292359
"710",0.666445323834051,0.811927530877658,0.360486062514957,0.0485828600684836
"711",0.993543424878162,0.873427461065928,0.618305334843937,0.243189370365903
"712",0.981340119634962,0.185594571315341,0.583118392113338,0.10143151170864
"713",0.308448643229292,0.881449066611505,0.309370400755506,0.0538306963564058
"714",0.975925172915004,0.811429208515717,0.182870980327281,0.909605327972035
"715",0.706792848010946,0.779626745551247,0.437118845206101,0.325308095104861
"716",0.177798708237867,0.855076535857037,0.762232859553539,0.700107466941054
"717",0.585012315102814,0.539112777496498,0.578330759974608,0.0808853545532089
"718",0.758004071543369,0.406467922157914,0.631509828027297,0.415926427017497
"719",0.666556665001447,0.434946863852707,0.254456649281672,0.812929563416015
"720",0.302620356852912,0.906234582525021,0.708129296432657,0.326652120433048
"721",0.597626893359342,0.524029031711566,0.906639435927768,0.0605642623458503
"722",0.494627736499704,0.930384514774964,0.606778427332352,0.674194354937196
"723",0.944281366036927,0.752865269698855,0.515236698117542,0.762214382226777
"724",0.8450421215213,0.989420374864389,0.646520507728218,0.795139032892312
"725",0.932372527483812,0.284334226542958,0.185744875594078,0.911384951457326
"726",0.543384149392116,0.757420958925942,0.168240098023278,0.845451336251943
"727",0.944292002754726,0.99696926457053,0.656754778505206,0.118385420785319
"728",0.949190191493485,0.353060100221845,0.287921956916188,0.594585281223317
"729",0.541126851631523,0.618623701824094,0.955629789860358,0.184559173786686
"730",0.630194061444271,0.981576625922746,0.103142758196128,0.307331747162173
"731",0.608415907386617,0.522138452274737,0.623063631723559,0.00870677288072083
"732",0.349242924810885,0.73067240638324,0.136220624128889,0.146446516550071
"733",0.331095888325129,0.682003972876465,0.221376961079351,0.146500387622677
"734",0.589960875382083,0.773699431063304,0.68071493978584,0.873800335786293
"735",0.48217652481115,0.28231550742989,0.735632259539869,0.590035189365077
"736",0.2712803354237,0.553073221425792,0.468799964289915,0.324729039020656
"737",0.96853023838494,0.734900346606171,0.760131119534654,0.886103336618379
"738",0.777235656385672,0.68923601840545,0.794572041311824,0.559707058855188
"739",0.506405864334745,0.739723648787655,0.0739986845994233,0.0799290098216791
"740",0.834042037353019,0.892762155366697,0.704388936111068,0.847067835882193
"741",0.546853089529931,0.598202321473167,0.992504085433333,0.506284148516157
"742",0.865726482956655,0.619579765167396,0.941366138127153,0.25416458373416
"743",0.688777075170204,0.634627190195003,0.0693740597306159,0.855330408887018
"744",0.460452235491667,0.74713085661503,0.63244917684085,0.35058761201771
"745",0.879947602403778,0.823644819450888,0.927748015331189,0.735860718508915
"746",0.446392651494638,0.931408221278078,0.338798068813304,0.250756587630587
"747",0.487577713571073,0.74896110561081,0.560639176973225,0.932155080222042
"748",0.811853707855045,0.947483844144716,0.533802458638686,0.546977715244732
"749",0.763381128001732,0.19595422619392,0.772818105728448,0.807607609977211
"750",0.188657188812761,0.85764951892826,0.459926751585238,0.370046036489018
"751",0.778763927059346,0.652374271872178,0.0978036980755582,0.051388554299222
"752",0.996857425979712,0.617854129378129,0.0918804079486416,0.757972996128811
"753",0.344712946674004,0.807664850787451,0.633759020187797,0.390837339883893
"754",0.686860940007021,0.901846129925305,0.614098590443196,0.723002650444481
"755",0.841848095368625,0.871745466746897,0.543642188105902,0.143959931237241
"756",0.934292825390564,0.86708010793087,0.52507308271719,0.258112651685938
"757",0.488589964996279,0.571096760795842,0.193309236657163,0.23866132963911
"758",0.539415124279316,0.668250433497625,0.883196517241054,0.307681080383444
"759",0.672298291293156,0.879864797206779,0.720633871821407,0.143468183654662
"760",0.898254073960212,0.741711842489238,0.656662874193352,0.631826696590752
"761",0.913613587694907,0.514857749296966,0.616103924225301,0.0667221532254835
"762",0.701454301745201,0.97561153116009,0.255151981495941,0.724110885257195
"763",0.44697611517536,0.30490535023255,0.398728019682971,0.489660140334524
"764",0.57762070938766,0.777506361292124,0.745947983704572,0.673120700676434
"765",0.728722817319791,0.726678727167108,0.392792625215652,0.513939429482797
"766",0.887360762779456,0.245344674435562,0.549998583344761,0.706402375593979
"767",0.539960612575043,0.549581746067639,0.449689619349868,0.644454021998194
"768",0.653479381322316,0.661920666131821,0.236664858842523,0.160872442229687
"769",0.693002582389281,0.636581174941779,0.372194455089933,0.0351421395773584
"770",0.757479008345151,0.80596937100355,0.994815613118673,0.286852773364173
"771",0.853070572563625,0.949209717880373,0.996471108458365,0.172762008733116
"772",0.529377946241433,0.708050104739989,0.334096658341948,0.494494656582218
"773",0.747057208305905,0.574424086028387,0.401161480453532,0.644679032532523
"774",0.579585835668401,0.836973097571535,0.613631312549227,0.161936466896338
"775",0.526398898130923,0.945777634395912,0.925372076973207,0.293931307696056
"776",0.571050403082224,0.49154391022667,0.48986171002728,0.777957153316563
"777",0.944359040329749,0.962802259672992,0.987729616708733,0.523672155561989
"778",0.65903109704047,0.499986040364146,0.325544791221666,0.14379069587239
"779",0.75381386801563,0.916357274530548,0.289253666598808,0.444545950037819
"780",0.779632474753481,0.367582563811076,0.534776401565251,0.381783551333038
"781",0.955470060961569,0.806974969741785,0.514530929515069,0.578152961432016
"782",0.999874366812192,0.876136257772758,0.988071305750041,0.216021975921621
"783",0.128759652091231,0.554113894935085,0.445578875136977,0.980904630892705
"784",0.438295104848027,0.455939664817434,0.206545707754816,0.0723199493981492
"785",0.65879017974921,0.550798052413444,0.212022405421255,0.381171709079269
"786",0.899425877048791,0.930706243220511,0.0863162875305589,0.954397376344175
"787",0.829809197000702,0.0910953722706163,0.665420526767869,0.844043065071944
"788",0.439872580085601,0.711057553894221,0.36949915903169,0.633621948779283
"789",0.625343603177359,0.957282573258303,0.0601598022511211,0.421897843237189
"790",0.682391613494247,0.328721789402493,0.925945676219735,0.0943108325589095
"791",0.44189488029444,0.603398135446738,0.988762124536658,0.366897872893906
"792",0.820629871681113,0.723504336191634,0.0819244765783832,0.553663170553237
"793",0.653558394775785,0.915477051184728,0.0592711166907142,0.864128816835422
"794",0.798155887400541,0.719260589550063,0.532054286016755,0.973043024710901
"795",0.913325491272336,0.766356537234296,0.865858473032205,0.979919011250945
"796",0.704807777030861,0.380369413986607,0.42248715373198,0.863194257686046
"797",0.685715511928461,0.727205480530563,0.612756220990951,0.596637272688251
"798",0.824750722060864,0.731988657622218,0.945963294365601,0.214710506101501
"799",0.968939255537748,0.966518488250845,0.840210823551633,0.483282471887396
"800",0.734680268636033,0.785176991856127,0.982011366568646,0.0519034512718794
"801",0.917205883616243,0.757603066203996,0.647201661717204,0.38026575643743
"802",0.867764516552626,0.59925734119566,0.711768805546429,0.528031571542577
"803",0.399569597041873,0.909907747934449,0.909670960702937,0.541451985677785
"804",0.361920450970639,0.734326620017685,0.30588007081143,0.961720403803799
"805",0.817576805153949,0.304387433962977,0.491003468995463,0.98503072859776
"806",0.70754835437003,0.984982689747246,0.866722695115917,0.113466500315409
"807",0.848234444058686,0.402163678690344,0.479827272308827,0.903281841521749
"808",0.832910844264016,0.949069452051844,0.301504806726673,0.857410461796681
"809",0.996047217328718,0.994285949943998,0.0899881879482918,0.322980765264831
"810",0.687054949779793,0.922092205894444,0.128977857995699,0.184233271331414
"811",0.673021267232406,0.902230425529364,0.577515659729313,0.760945756411269
"812",0.625892048546643,0.297874796835727,0.124906784255389,0.0528410476584766
"813",0.371639824184055,0.5490400594437,0.322071892748057,0.147772421952106
"814",0.614691677769007,0.501655867716677,0.526653386548955,0.64850995227292
"815",0.280476115758329,0.6220276020675,0.00432672401239248,0.916612408170198
"816",0.916645690084035,0.707502810312404,0.756427638830291,0.176054996982904
"817",0.748776515240049,0.963181716748367,0.870966297404314,0.989476351807755
"818",0.790776865366742,0.768141432148393,0.170880570699688,0.369500099295778
"819",0.596564777120854,0.828386791480092,0.0293057578247325,0.602600062227434
"820",0.994978417035445,0.774546331840497,0.0759585365509608,0.3232123265676
"821",0.413370202206202,0.748627207339983,0.102853554132406,0.69173491917433
"822",0.861934442785798,0.274498469699543,0.651174570986033,0.0529531197148699
"823",0.759153726238906,0.846727851661109,0.787494231957382,0.190601029709069
"824",0.934363626263654,0.990431740686398,0.119915016451256,0.781223822672037
"825",0.953553535714267,0.887096095542085,0.507221521430699,0.256006848205928
"826",0.953830007028956,0.657809078739683,0.0211590787302533,0.12018832128863
"827",0.552627796511215,0.694506514984755,0.718800741145584,0.748427658829247
"828",0.5441995881024,0.171464758604437,0.172679272871707,0.60945468779851
"829",0.891222764231534,0.970907552490639,0.365056779409462,0.41821468249891
"830",0.740793391236411,0.837586607662319,0.491303070700661,0.432365624247886
"831",0.0983671107588587,0.73079072258034,0.3875046804814,0.453209290013821
"832",0.466111252888181,0.974143559443582,0.430141216188759,0.190387349924243
"833",0.272401120094419,0.531046361202697,0.715347015941316,0.316839665637095
"834",0.445359071706816,0.742014777886261,0.613159143670039,0.971030070547107
"835",0.622356030285833,0.487006282056797,0.585692192820632,0.0876447325506405
"836",0.764722472512876,0.438001930850185,0.947556913144992,0.00941786145783653
"837",0.81258325065898,0.86067274948801,0.445259066987274,0.159616864232693
"838",0.742599992779055,0.749952104169825,0.108227310061218,0.109133057059615
"839",0.728174558529887,0.351165951554505,0.18724534856612,0.953144216217138
"840",0.940127835390952,0.837621892496088,0.373345652004821,0.175740529231302
"841",0.621728854648901,0.69423120095224,0.408993769921206,0.0969397845016816
"842",0.853210097113798,0.802207533637829,0.706470241011809,0.0819440362095821
"843",0.547497476335361,0.625067643153692,0.148957186799321,0.862794979804379
"844",0.992989940687784,0.7586651154372,0.512678399794858,0.806595489262484
"845",0.623306692588809,0.298520528632178,0.0025427332520063,0.252580292453439
"846",0.890736702888129,0.904099383169284,0.16305975221266,0.190249308382841
"847",0.513776445090949,0.470809431359358,0.404612979396078,0.789977611329497
"848",0.557437229281549,0.634996596675318,0.0202929271979741,0.334222721940445
"849",0.256657767884495,0.573741028576029,0.542875720389602,0.134130332648776
"850",0.705152214944709,0.596046270040099,0.452759304875616,0.360156936222152
"851",0.787366120412016,0.738493501821021,0.53988121175813,0.443358923013723
"852",0.76153651211276,0.486491976113546,0.486626438814468,0.825963541379668
"853",0.350994295439333,0.495530900857552,0.328155732363127,0.592154458833796
"854",0.477813615710938,0.380206239038277,0.382694195831881,0.0336255513026832
"855",0.779574283557686,0.68972275365913,0.524641577285894,0.299428331453774
"856",0.653427498153595,0.700080324706007,0.667212446614139,0.0971958866676224
"857",0.297274076431685,0.660691908630074,0.0653425394974221,0.493617068655172
"858",0.891693922891451,0.581008506750169,0.0164067522719149,0.178740821884234
"859",0.504113726251105,0.892948935351684,0.977934413829589,0.666074651114156
"860",0.709997099766209,0.793388073455781,0.985567465963651,0.273133037625321
"861",0.919561533293421,0.988712082142467,0.0317048363099056,0.185818221662782
"862",0.612977387449751,0.826699491747566,0.967562636116907,0.0386918859052755
"863",0.506137347325445,0.9514031551145,0.377131298544147,0.141414828302432
"864",0.932470549973033,0.646784478118478,0.357063170056045,0.890471194921334
"865",0.784050014656612,0.973192952554377,0.228293745048006,0.00552968386411509
"866",0.431995613669422,0.60108375715183,0.048722344789822,0.913019208138216
"867",0.643149609623444,0.62375157972782,0.414479767120289,0.850515488453293
"868",0.638206320386201,0.534203843831227,0.610214232220454,0.571919479542575
"869",0.77997221948997,0.563677527537978,0.792082816650402,0.550391873770149
"870",0.734930927589895,0.897212057377856,0.642528153277105,0.827510516657664
"871",0.461152806134011,0.299476407937526,0.849218237897295,0.661151498609578
"872",0.347420302837003,0.816002149664475,0.620791147201472,0.474420768655889
"873",0.734200335123846,0.502165656017244,0.400356933112026,0.191871466105547
"874",0.565922447536834,0.934560617118817,0.0400541999418767,0.0488604245645614
"875",0.966688639377435,0.602749143441203,0.353623162686428,0.0952545036223115
"876",0.602511161955634,0.5656286761258,0.628492568244499,0.254312499349176
"877",0.756349634922031,0.611724284340401,0.206466788874857,0.129093727198322
"878",0.5268062025921,0.761611520024131,0.721317126556636,0.55598726021618
"879",0.902077767631498,0.966182065627025,0.876735777552801,0.00541218788766413
"880",0.955518565872556,0.819095529640412,0.234935754035968,0.371961632579181
"881",0.696247063944329,0.625915570483157,0.629502630855922,0.699571451795515
"882",0.951286605865135,0.590934711968509,0.391381078640993,0.580355669750989
"883",0.0655587138583074,0.666622196226052,0.854722004984904,0.645863167771344
"884",0.84998381983306,0.988250684708592,0.532659967753156,0.19215045600537
"885",0.917414231796663,0.735366045792203,0.0359101750171716,0.155305392151136
"886",0.789272150232392,0.683349191335143,0.71480118528505,0.447256068611002
"887",0.575352910223946,0.989776500735225,0.810130032570518,0.878881627156609
"888",0.957474843750803,0.516711766935895,0.617735149604652,0.562160708694505
"889",0.927419562284512,0.707350693196797,0.442102277707939,0.790549545876633
"890",0.490917299020095,0.906086255046584,0.105426861614827,0.156026882666339
"891",0.741005806428862,0.733045419620093,0.699796589453731,0.923099941203542
"892",0.545858250778719,0.982360420402651,0.191266938871845,0.685304477679449
"893",0.753881847075797,0.865041748901443,0.0656207417745336,0.00425079048964145
"894",0.885815576036474,0.834486683466895,0.133556660935036,0.972116908449201
"895",0.640486724285275,0.526543962701975,0.809629731187321,0.383969760099285
"896",0.847563177975826,0.997061553047133,0.433090069808594,0.313885980955669
"897",0.69463582605982,0.64396770276042,0.860321975220799,0.273673094095853
"898",0.359930585550378,0.765593558599246,0.284620620624369,0.0753220915680552
"899",0.839817885300336,0.413137575466059,0.283577790185217,0.226611490808282
"900",0.458389887570543,0.892897987103647,0.363273579016689,0.0415884799729275
"901",0.927063414478179,0.49465065001295,0.785139456731159,0.124256346438658
"902",0.667249274955152,0.462672372155588,0.49925375623551,0.151985961935293
"903",0.891483844621746,0.896973730313466,0.9346817499323,0.57920477292955
"904",0.925773661553723,0.988136444646242,0.769765020210896,0.241538974598334
"905",0.543057794991745,0.831352456109925,0.736057073809246,0.209390130859279
"906",0.888538608707805,0.420065477867751,0.626040840411385,0.747268943348808
"907",0.775574930530586,0.793243806444135,0.288664492724033,0.964321135106997
"908",0.468303279588637,0.859179801175158,0.156391629788726,0.782019662954441
"909",0.652839857469874,0.604352092389572,0.268037362125722,0.985107548063647
"910",0.708270600034131,0.827591429435317,0.902588135394038,0.503304847418453
"911",0.851654525833724,0.74568575366278,0.532069923065035,0.881201094521631
"912",0.704948348045723,0.980969357785738,0.499160935578133,0.510206809437902
"913",0.681804945435597,0.63720689016675,0.833638260181448,0.575355765512645
"914",0.804254290718716,0.577608556351274,0.297663780668063,0.53453036738153
"915",0.455313072303526,0.888863681863974,0.289896087890891,0.815686430853824
"916",0.439563574719316,0.521733368683455,0.855552604483614,0.401418695485372
"917",0.519347633403489,0.629467404043059,0.0427004850995722,0.344072079680815
"918",0.704445605251259,0.792780429703795,0.709752710100896,0.144107121478642
"919",0.260272819166162,0.756885441690981,0.429370067608662,0.0423446719739298
"920",0.807202484807626,0.969118079652303,0.261125969474287,0.255042007713299
"921",0.7585524888209,0.794029316339078,0.649075233921991,0.187844968695609
"922",0.999704569823516,0.730854796556612,0.288028067878075,0.163829265065276
"923",0.729149558457181,0.847450380842634,0.838561835990348,0.188991714196419
"924",0.793386602928022,0.708557801952501,0.136837414827266,0.969713383528509
"925",0.796871605659204,0.849192990567209,0.148464723164822,0.926276780485907
"926",0.694660785141864,0.352374740984431,0.937414596015267,0.500756988656195
"927",0.891269959299876,0.756559470157187,0.799224748457852,0.568921635548828
"928",0.768154630031233,0.785067145475288,0.933379648827551,0.0872567470810356
"929",0.503481667496641,0.906695936016265,0.626012178591593,0.1916486278125
"930",0.831637273842967,0.73735119312485,0.475571172057407,0.618291752726843
"931",0.472169820432688,0.673134236404042,0.118220622820868,0.842232705802834
"932",0.88126856821367,0.612064509049207,0.663846228492816,0.607885858976412
"933",0.701447398547531,0.909231950426089,0.13520135100002,0.820466151605349
"934",0.979339921328288,0.548960775858231,0.0725547018363323,0.382666972371777
"935",0.730552314676497,0.980874262046896,0.743526373564979,0.745556375426085
"936",0.981517898268789,0.651629100410176,0.243763984762097,0.599674568616195
"937",0.839758722922529,0.802818641504402,0.886233061961944,0.242979998356536
"938",0.932481087653602,0.637257928384151,0.69050144393938,0.619678594101215
"939",0.966156787478085,0.752580564794227,0.556246632537847,0.244403723055693
"940",0.775462810292504,0.476513832282272,0.471672203690358,0.268490924414929
"941",0.439364873654189,0.837172682464206,0.718608431594198,0.465681785486107
"942",0.294690499696846,0.811912532424371,0.428604432310644,0.428392153944544
"943",0.376377936434867,0.968714463462309,0.279685619863295,0.302183564745351
"944",0.559816313412902,0.450461930371423,0.487249532433914,0.328395087454515
"945",0.905231727564565,0.435049762428299,0.398381441742905,0.0179620731806577
"946",0.628920001673112,0.543248517524347,0.6174634951339,0.498784813270549
"947",0.676072268896384,0.654151494762216,0.579235276563312,0.517411352545639
"948",0.622156545952526,0.920152572223222,0.958658258053493,0.420513729395227
"949",0.444649546505963,0.736303820133275,0.331116838797899,0.258257842989508
"950",0.914860548991049,0.810842535753647,0.574488800792218,0.767666724302081
"951",0.500529234107819,0.692343916707035,0.825802554588617,0.278766064152593
"952",0.629366866202229,0.994025356980102,0.31711279543362,0.176081751241963
"953",0.958269949733689,0.85559375268933,0.988303050202771,0.86699196812078
"954",0.602848159998909,0.528778373172141,0.860635648349257,0.380865409731584
"955",0.94009024572129,0.635911099195409,0.626131206256545,0.375340283493171
"956",0.951959607802297,0.879655030687485,0.875906874792215,0.71140316619962
"957",0.73283000581473,0.336243093384785,0.103909251611579,0.437753836796586
"958",0.96446803967319,0.727800618327673,0.427339909352462,0.275820860430078
"959",0.498205372832097,0.933047760691613,0.981010143509599,0.373197883424679
"960",0.503469409590218,0.497151819120337,0.0634303386373129,0.677522500727111
"961",0.71940658512344,0.472364198130956,0.801477590743811,0.996405794637226
"962",0.708544405097899,0.551984535100921,0.741293884295037,0.00760871750534375
"963",0.930210296339945,0.564215106910619,0.427060586417965,0.80828719518782
"964",0.706881186884261,0.825460279082334,0.844352521878062,0.727216892241025
"965",0.927826081635698,0.902829621593767,0.164875463112817,0.579643036105683
"966",0.55066564581803,0.890464830631995,0.744361084012062,0.30850203923817
"967",0.326156885728237,0.938971746934574,0.243503743305595,0.966804482764137
"968",0.966038677066343,0.193356214984454,0.757759579820539,0.241272462499278
"969",0.639263911385888,0.928994449504873,0.671864724755268,0.710009130854544
"970",0.910803035866573,0.154427612675583,0.119953485407652,0.0291706425656607
"971",0.819020345502655,0.812589196877627,0.272544691654729,0.914016662993254
"972",0.428661965945734,0.358099969621552,0.185131233121549,0.809762574521732
"973",0.914976547848338,0.50829473065043,0.477959543471693,0.44407034521701
"974",0.901698774279527,0.984904055104995,0.808730580139026,0.925974010986636
"975",0.919687423934959,0.297282647206121,0.485386984486428,0.745062391596369
"976",0.608435098099902,0.814348460212362,0.967158054762998,0.83280361762348
"977",0.731427825860033,0.865327879997384,0.013030667387239,0.90607252908453
"978",0.651113760177986,0.934079250778156,0.602736990777078,0.59863097844417
"979",0.872258706442381,0.956047037157037,0.0834145941660879,0.80234340165623
"980",0.491391099795899,0.463606346667641,0.267870274552245,0.474269501743772
"981",0.830057759656657,0.610420885463477,0.831021733783352,0.654300831593811
"982",0.170561048044621,0.712568922734158,0.831246601347062,0.129426466311644
"983",0.621293458436157,0.691935866487671,0.477877323466307,0.604056362012637
"984",0.496023202473457,0.958609839524963,0.0821225330313607,0.787715366352237
"985",0.605026260683057,0.745981943212086,0.657699969061154,0.967752805754155
"986",0.399322957710095,0.515595860620656,0.812982895705575,0.492543283463425
"987",0.727636091378817,0.705296157141735,0.484264084682926,0.91596625576196
"988",0.410781762444219,0.458868825037535,0.38065543093731,0.860280094465262
"989",0.449605967244038,0.84844068438154,0.221791095453832,0.0319081456531472
"990",0.989089253830981,0.824966291461448,0.387368424656099,0.190711360654576
"991",0.766921971949616,0.949338238824094,0.27234422242096,0.878587896347938
"992",0.92188929446608,0.950970097715272,0.941952680527087,0.667770842995952
"993",0.993695371801387,0.649558678284405,0.712652909363215,0.967861487739213
"994",0.995051621923843,0.508837907034005,0.579692391624135,0.334492777602437
"995",0.969556159092113,0.870462710432312,0.955704229553075,0.386486301895628
"996",0.580706162003121,0.867423104972426,0.79272811802607,0.798049419742744
"997",0.758892955480878,0.403825720098113,0.643998534055815,0.0143784508891671
"998",0.849036370094689,0.679892332888458,0.999087596514429,0.867777001584562
"999",0.648058090159854,0.972380274387617,0.811201686317776,0.134667241085173
"1000",0.620467138312952,0.827185395997601,0.326114515071635,0.272015060854672
